33.3, -118.3, 886: 1
33.3, -118.3, 624: 1
33.3, -118.3, 230: 1
33.3, -118.3, 930: 1
33.3, -118.3, 740: 1
33.3, -118.3, 330: 1
33.7, -118.4, 341: 1
33.7, -118.4, 354: 1
33.7, -118.3, 950: 4
33.7, -118.3, 951: 14
33.7, -118.3, 745: 1748
33.7, -118.3, 436: 2
33.7, -118.3, 310: 2537
33.7, -118.3, 902: 21
33.7, -118.3, 755: 8
33.7, -118.3, 626: 2050
33.7, -118.3, 442: 247
33.7, -118.3, 480: 49
33.7, -118.3, 922: 26
33.7, -118.3, 900: 405
33.7, -118.3, 813: 88
33.7, -118.3, 627: 174
33.7, -118.3, 452: 1
33.7, -118.3, 850: 44
33.7, -118.3, 888: 335
33.7, -118.3, 520: 96
33.7, -118.3, 662: 75
33.7, -118.3, 250: 3
33.7, -118.3, 654: 1
33.7, -118.3, 510: 2380
33.7, -118.3, 821: 22
33.7, -118.3, 670: 6
33.7, -118.3, 231: 22
33.7, -118.3, 320: 277
33.7, -118.3, 753: 82
33.7, -118.3, 122: 10
33.7, -118.3, 235: 21
33.7, -118.3, 443: 1
33.7, -118.3, 343: 11
33.7, -118.3, 438: 8
33.7, -118.3, 661: 9
33.7, -118.3, 441: 23
33.7, -118.3, 625: 23
33.7, -118.3, 434: 12
33.7, -118.3, 649: 247
33.7, -118.3, 474: 5
33.7, -118.3, 814: 1
33.7, -118.3, 351: 11
33.7, -118.3, 943: 10
33.7, -118.3, 933: 9
33.7, -118.3, 812: 96
33.7, -118.3, 762: 14
33.7, -118.3, 444: 2
33.7, -118.3, 352: 2
33.7, -118.3, 756: 4
33.7, -118.3, 820: 15
33.7, -118.3, 666: 9
33.7, -118.3, 668: 21
33.7, -118.3, 110: 34
33.7, -118.3, 473: 1
33.7, -118.3, 760: 1
33.7, -118.3, 940: 12
33.7, -118.3, 903: 19
33.7, -118.3, 410: 67
33.7, -118.3, 251: 52
33.7, -118.3, 870: 2
33.7, -118.3, 121: 116
33.7, -118.3, 354: 1754
33.7, -118.3, 761: 174
33.7, -118.3, 647: 18
33.7, -118.3, 433: 1
33.7, -118.3, 450: 5
33.7, -118.3, 930: 785
33.7, -118.3, 487: 22
33.7, -118.3, 470: 1
33.7, -118.3, 341: 760
33.7, -118.3, 763: 30
33.7, -118.3, 932: 16
33.7, -118.3, 946: 307
33.7, -118.3, 928: 17
33.7, -118.3, 740: 1940
33.7, -118.3, 653: 1
33.7, -118.3, 840: 2
33.7, -118.3, 345: 1
33.7, -118.3, 237: 107
33.7, -118.3, 949: 5
33.7, -118.3, 421: 32
33.7, -118.3, 437: 23
33.7, -118.3, 330: 2013
33.7, -118.3, 822: 2
33.7, -118.3, 805: 1
33.7, -118.3, 622: 3
33.7, -118.3, 651: 5
33.7, -118.3, 664: 42
33.7, -118.3, 810: 52
33.7, -118.3, 220: 118
33.7, -118.3, 660: 7
33.7, -118.3, 886: 29
33.7, -118.3, 910: 34
33.7, -118.3, 956: 177
33.7, -118.3, 624: 2316
33.7, -118.3, 648: 55
33.7, -118.3, 815: 26
33.7, -118.3, 236: 172
33.7, -118.3, 901: 477
33.7, -118.3, 210: 752
33.7, -118.3, 420: 1643
33.7, -118.3, 230: 1099
33.7, -118.3, 350: 101
33.7, -118.3, 331: 410
33.7, -118.3, 924: 1
33.7, -118.3, 623: 55
33.7, -118.3, 954: 4
33.7, -118.3, 890: 5
33.7, -118.3, 440: 1913
33.7, -118.3, 920: 4
33.7, -118.3, 475: 1
33.7, -118.3, 652: 1
33.7, -118.3, 860: 94
33.7, -118.2, 930: 1
33.7, -118.2, 230: 2
33.7, -118.2, 341: 2
33.7, -118.2, 354: 1
33.7, -118.2, 626: 1
33.7, -118.2, 740: 6
33.7, -118.2, 624: 7
33.7, -118.2, 745: 9
33.7, -118.2, 438: 1
33.7, -118.2, 440: 1
33.7, -118.2, 510: 4
33.8, -118.4, 745: 1
33.8, -118.3, 474: 6
33.8, -118.3, 886: 18
33.8, -118.3, 433: 3
33.8, -118.3, 932: 14
33.8, -118.3, 810: 120
33.8, -118.3, 437: 31
33.8, -118.3, 625: 41
33.8, -118.3, 443: 13
33.8, -118.3, 946: 466
33.8, -118.3, 821: 15
33.8, -118.3, 761: 290
33.8, -118.3, 627: 243
33.8, -118.3, 910: 19
33.8, -118.3, 888: 188
33.8, -118.3, 471: 3
33.8, -118.3, 440: 2323
33.8, -118.3, 755: 12
33.8, -118.3, 943: 22
33.8, -118.3, 647: 37
33.8, -118.3, 480: 43
33.8, -118.3, 235: 28
33.8, -118.3, 341: 856
33.8, -118.3, 950: 1
33.8, -118.3, 753: 150
33.8, -118.3, 442: 605
33.8, -118.3, 661: 5
33.8, -118.3, 487: 7
33.8, -118.3, 310: 2793
33.8, -118.3, 237: 134
33.8, -118.3, 660: 16
33.8, -118.3, 928: 6
33.8, -118.3, 922: 28
33.8, -118.3, 653: 10
33.8, -118.3, 924: 1
33.8, -118.3, 933: 13
33.8, -118.3, 662: 121
33.8, -118.3, 354: 2013
33.8, -118.3, 762: 10
33.8, -118.3, 900: 968
33.8, -118.3, 622: 1
33.8, -118.3, 220: 174
33.8, -118.3, 210: 1075
33.8, -118.3, 251: 92
33.8, -118.3, 949: 12
33.8, -118.3, 320: 244
33.8, -118.3, 648: 62
33.8, -118.3, 236: 234
33.8, -118.3, 351: 26
33.8, -118.3, 763: 29
33.8, -118.3, 956: 163
33.8, -118.3, 930: 902
33.8, -118.3, 623: 51
33.8, -118.3, 652: 2
33.8, -118.3, 860: 109
33.8, -118.3, 352: 6
33.8, -118.3, 420: 1620
33.8, -118.3, 122: 14
33.8, -118.3, 670: 8
33.8, -118.3, 230: 1475
33.8, -118.3, 250: 13
33.8, -118.3, 813: 134
33.8, -118.3, 815: 38
33.8, -118.3, 951: 42
33.8, -118.3, 954: 1
33.8, -118.3, 890: 4
33.8, -118.3, 666: 17
33.8, -118.3, 756: 4
33.8, -118.3, 110: 86
33.8, -118.3, 439: 4
33.8, -118.3, 820: 34
33.8, -118.3, 410: 63
33.8, -118.3, 654: 2
33.8, -118.3, 812: 180
33.8, -118.3, 626: 2457
33.8, -118.3, 510: 4130
33.8, -118.3, 434: 13
33.8, -118.3, 814: 3
33.8, -118.3, 450: 8
33.8, -118.3, 664: 63
33.8, -118.3, 940: 33
33.8, -118.3, 760: 2
33.8, -118.3, 441: 32
33.8, -118.3, 651: 6
33.8, -118.3, 870: 1
33.8, -118.3, 920: 11
33.8, -118.3, 668: 34
33.8, -118.3, 624: 2580
33.8, -118.3, 850: 53
33.8, -118.3, 944: 3
33.8, -118.3, 880: 1
33.8, -118.3, 345: 7
33.8, -118.3, 330: 2198
33.8, -118.3, 331: 453
33.8, -118.3, 740: 1903
33.8, -118.3, 121: 150
33.8, -118.3, 901: 504
33.8, -118.3, 902: 15
33.8, -118.3, 350: 136
33.8, -118.3, 903: 20
33.8, -118.3, 485: 2
33.8, -118.3, 649: 314
33.8, -118.3, 343: 41
33.8, -118.3, 438: 5
33.8, -118.3, 520: 127
33.8, -118.3, 805: 2
33.8, -118.3, 745: 1691
33.8, -118.3, 231: 18
33.8, -118.3, 444: 3
33.8, -118.3, 451: 1
33.8, -118.3, 421: 29
33.8, -118.2, 940: 3
33.8, -118.2, 933: 1
33.8, -118.2, 341: 124
33.8, -118.2, 920: 1
33.8, -118.2, 668: 2
33.8, -118.2, 331: 36
33.8, -118.2, 813: 9
33.8, -118.2, 121: 9
33.8, -118.2, 954: 1
33.8, -118.2, 520: 11
33.8, -118.2, 420: 140
33.8, -118.2, 951: 3
33.8, -118.2, 350: 5
33.8, -118.2, 627: 20
33.8, -118.2, 812: 15
33.8, -118.2, 755: 1
33.8, -118.2, 922: 1
33.8, -118.2, 900: 67
33.8, -118.2, 440: 149
33.8, -118.2, 946: 43
33.8, -118.2, 753: 20
33.8, -118.2, 475: 1
33.8, -118.2, 930: 77
33.8, -118.2, 745: 106
33.8, -118.2, 949: 1
33.8, -118.2, 237: 9
33.8, -118.2, 821: 1
33.8, -118.2, 410: 8
33.8, -118.2, 354: 117
33.8, -118.2, 433: 1
33.8, -118.2, 480: 5
33.8, -118.2, 648: 13
33.8, -118.2, 310: 162
33.8, -118.2, 654: 1
33.8, -118.2, 763: 2
33.8, -118.2, 762: 3
33.8, -118.2, 624: 202
33.8, -118.2, 850: 3
33.8, -118.2, 330: 109
33.8, -118.2, 886: 2
33.8, -118.2, 623: 3
33.8, -118.2, 235: 2
33.8, -118.2, 901: 28
33.8, -118.2, 860: 8
33.8, -118.2, 761: 31
33.8, -118.2, 510: 660
33.8, -118.2, 441: 4
33.8, -118.2, 928: 1
33.8, -118.2, 210: 49
33.8, -118.2, 625: 1
33.8, -118.2, 820: 6
33.8, -118.2, 442: 15
33.8, -118.2, 230: 162
33.8, -118.2, 438: 1
33.8, -118.2, 110: 7
33.8, -118.2, 870: 1
33.8, -118.2, 662: 8
33.8, -118.2, 740: 147
33.8, -118.2, 647: 2
33.8, -118.2, 351: 2
33.8, -118.2, 220: 11
33.8, -118.2, 815: 3
33.8, -118.2, 888: 24
33.8, -118.2, 236: 19
33.8, -118.2, 810: 1
33.8, -118.2, 437: 3
33.8, -118.2, 487: 9
33.8, -118.2, 956: 4
33.8, -118.2, 434: 1
33.8, -118.2, 660: 2
33.8, -118.2, 345: 1
33.8, -118.2, 664: 6
33.8, -118.2, 649: 20
33.8, -118.2, 626: 188
33.8, -118.2, 943: 3
33.8, -118.2, 320: 12
33.8, -118.2, 840: 1
33.8, -118.2, 251: 15
33.8, -118.1, 210: 2
33.8, -118.1, 230: 1
33.8, -118.1, 437: 1
33.8, -118.1, 745: 2
33.8, -118.1, 740: 2
33.8, -118.1, 331: 1
33.8, -118.1, 510: 6
33.8, -118.1, 350: 1
33.8, -118.1, 860: 2
33.8, -118.1, 627: 2
33.8, -118.1, 440: 5
33.8, -118.1, 940: 2
33.8, -118.1, 888: 1
33.8, -118.1, 821: 1
33.8, -118.1, 946: 1
33.8, -118.1, 341: 2
33.8, -118.1, 330: 6
33.8, -118.1, 121: 3
33.8, -118.1, 624: 8
33.8, -118.1, 420: 3
33.8, -118.1, 623: 1
33.8, -118.1, 930: 2
33.8, -118.1, 850: 1
33.8, -118.1, 231: 1
33.9, -118.4, 806: 1
33.9, -118.4, 330: 710
33.9, -118.4, 441: 7
33.9, -118.4, 648: 5
33.9, -118.4, 821: 2
33.9, -118.4, 434: 1
33.9, -118.4, 237: 12
33.9, -118.4, 949: 1
33.9, -118.4, 251: 1
33.9, -118.4, 352: 8
33.9, -118.4, 815: 8
33.9, -118.4, 813: 4
33.9, -118.4, 668: 1269
33.9, -118.4, 753: 3
33.9, -118.4, 761: 17
33.9, -118.4, 745: 436
33.9, -118.4, 850: 12
33.9, -118.4, 649: 58
33.9, -118.4, 442: 32
33.9, -118.4, 230: 137
33.9, -118.4, 343: 1
33.9, -118.4, 439: 1
33.9, -118.4, 812: 9
33.9, -118.4, 662: 3
33.9, -118.4, 822: 1
33.9, -118.4, 756: 8
33.9, -118.4, 910: 4
33.9, -118.4, 946: 197
33.9, -118.4, 510: 632
33.9, -118.4, 627: 9
33.9, -118.4, 121: 36
33.9, -118.4, 320: 10
33.9, -118.4, 860: 40
33.9, -118.4, 956: 54
33.9, -118.4, 487: 2
33.9, -118.4, 341: 2266
33.9, -118.4, 920: 2
33.9, -118.4, 922: 1
33.9, -118.4, 810: 4
33.9, -118.4, 433: 5
33.9, -118.4, 950: 5
33.9, -118.4, 762: 6
33.9, -118.4, 654: 5
33.9, -118.4, 220: 15
33.9, -118.4, 331: 197
33.9, -118.4, 661: 2
33.9, -118.4, 623: 62
33.9, -118.4, 666: 2
33.9, -118.4, 820: 6
33.9, -118.4, 471: 1
33.9, -118.4, 480: 9
33.9, -118.4, 664: 13
33.9, -118.4, 450: 1
33.9, -118.4, 930: 153
33.9, -118.4, 624: 622
33.9, -118.4, 755: 92
33.9, -118.4, 421: 4
33.9, -118.4, 520: 19
33.9, -118.4, 805: 4
33.9, -118.4, 410: 16
33.9, -118.4, 235: 2
33.9, -118.4, 943: 4
33.9, -118.4, 951: 46
33.9, -118.4, 438: 1
33.9, -118.4, 110: 3
33.9, -118.4, 236: 10
33.9, -118.4, 940: 4
33.9, -118.4, 903: 4
33.9, -118.4, 932: 3
33.9, -118.4, 625: 11
33.9, -118.4, 888: 152
33.9, -118.4, 647: 2
33.9, -118.4, 901: 34
33.9, -118.4, 928: 2
33.9, -118.4, 122: 2
33.9, -118.4, 670: 6
33.9, -118.4, 653: 8
33.9, -118.4, 652: 1
33.9, -118.4, 884: 1
33.9, -118.4, 420: 281
33.9, -118.4, 622: 4
33.9, -118.4, 626: 170
33.9, -118.4, 440: 2254
33.9, -118.4, 886: 6
33.9, -118.4, 210: 130
33.9, -118.4, 350: 46
33.9, -118.4, 740: 325
33.9, -118.4, 660: 7
33.9, -118.4, 763: 2
33.9, -118.4, 310: 275
33.9, -118.4, 231: 2
33.9, -118.4, 354: 115
33.9, -118.4, 944: 1
33.9, -118.4, 890: 2
33.9, -118.4, 437: 24
33.9, -118.4, 345: 1
33.9, -118.4, 900: 20
33.9, -118.3, 821: 29
33.9, -118.3, 850: 40
33.9, -118.3, 924: 2
33.9, -118.3, 510: 5453
33.9, -118.3, 900: 567
33.9, -118.3, 220: 347
33.9, -118.3, 330: 2449
33.9, -118.3, 822: 17
33.9, -118.3, 668: 56
33.9, -118.3, 421: 14
33.9, -118.3, 954: 2
33.9, -118.3, 350: 446
33.9, -118.3, 647: 45
33.9, -118.3, 762: 9
33.9, -118.3, 756: 2
33.9, -118.3, 420: 1654
33.9, -118.3, 740: 1862
33.9, -118.3, 930: 1579
33.9, -118.3, 806: 15
33.9, -118.3, 670: 5
33.9, -118.3, 946: 481
33.9, -118.3, 888: 174
33.9, -118.3, 331: 417
33.9, -118.3, 810: 130
33.9, -118.3, 435: 2
33.9, -118.3, 121: 279
33.9, -118.3, 755: 14
33.9, -118.3, 625: 24
33.9, -118.3, 236: 440
33.9, -118.3, 487: 8
33.9, -118.3, 943: 46
33.9, -118.3, 815: 34
33.9, -118.3, 345: 1
33.9, -118.3, 813: 107
33.9, -118.3, 433: 42
33.9, -118.3, 622: 3
33.9, -118.3, 343: 20
33.9, -118.3, 520: 109
33.9, -118.3, 949: 13
33.9, -118.3, 903: 109
33.9, -118.3, 870: 5
33.9, -118.3, 860: 150
33.9, -118.3, 230: 3250
33.9, -118.3, 666: 6
33.9, -118.3, 890: 12
33.9, -118.3, 654: 5
33.9, -118.3, 761: 393
33.9, -118.3, 662: 35
33.9, -118.3, 250: 13
33.9, -118.3, 623: 110
33.9, -118.3, 921: 4
33.9, -118.3, 410: 69
33.9, -118.3, 353: 1
33.9, -118.3, 651: 4
33.9, -118.3, 649: 338
33.9, -118.3, 928: 44
33.9, -118.3, 951: 12
33.9, -118.3, 354: 1752
33.9, -118.3, 830: 1
33.9, -118.3, 933: 5
33.9, -118.3, 231: 62
33.9, -118.3, 310: 4146
33.9, -118.3, 880: 1
33.9, -118.3, 820: 50
33.9, -118.3, 442: 209
33.9, -118.3, 660: 12
33.9, -118.3, 956: 359
33.9, -118.3, 940: 31
33.9, -118.3, 352: 6
33.9, -118.3, 444: 3
33.9, -118.3, 942: 1
33.9, -118.3, 443: 3
33.9, -118.3, 320: 391
33.9, -118.3, 653: 7
33.9, -118.3, 920: 29
33.9, -118.3, 235: 54
33.9, -118.3, 763: 24
33.9, -118.3, 450: 1
33.9, -118.3, 648: 133
33.9, -118.3, 886: 25
33.9, -118.3, 434: 30
33.9, -118.3, 661: 4
33.9, -118.3, 439: 7
33.9, -118.3, 237: 193
33.9, -118.3, 437: 101
33.9, -118.3, 753: 131
33.9, -118.3, 814: 5
33.9, -118.3, 210: 3394
33.9, -118.3, 251: 175
33.9, -118.3, 351: 40
33.9, -118.3, 122: 27
33.9, -118.3, 347: 4
33.9, -118.3, 441: 121
33.9, -118.3, 745: 2932
33.9, -118.3, 627: 319
33.9, -118.3, 944: 3
33.9, -118.3, 341: 1143
33.9, -118.3, 480: 15
33.9, -118.3, 922: 50
33.9, -118.3, 664: 23
33.9, -118.3, 932: 8
33.9, -118.3, 110: 151
33.9, -118.3, 760: 3
33.9, -118.3, 902: 45
33.9, -118.3, 865: 2
33.9, -118.3, 438: 6
33.9, -118.3, 805: 32
33.9, -118.3, 440: 2755
33.9, -118.3, 626: 4096
33.9, -118.3, 446: 1
33.9, -118.3, 624: 4991
33.9, -118.3, 652: 1
33.9, -118.3, 910: 111
33.9, -118.3, 901: 370
33.9, -118.3, 812: 266
33.9, -118.3, 950: 3
33.9, -118.2, 653: 5
33.9, -118.2, 860: 51
33.9, -118.2, 943: 24
33.9, -118.2, 235: 17
33.9, -118.2, 920: 15
33.9, -118.2, 237: 65
33.9, -118.2, 510: 1236
33.9, -118.2, 922: 18
33.9, -118.2, 350: 173
33.9, -118.2, 903: 33
33.9, -118.2, 890: 5
33.9, -118.2, 434: 8
33.9, -118.2, 840: 1
33.9, -118.2, 928: 11
33.9, -118.2, 343: 2
33.9, -118.2, 886: 7
33.9, -118.2, 439: 3
33.9, -118.2, 755: 4
33.9, -118.2, 487: 1
33.9, -118.2, 661: 3
33.9, -118.2, 933: 1
33.9, -118.2, 805: 1
33.9, -118.2, 865: 2
33.9, -118.2, 471: 2
33.9, -118.2, 940: 7
33.9, -118.2, 110: 81
33.9, -118.2, 930: 632
33.9, -118.2, 654: 4
33.9, -118.2, 812: 113
33.9, -118.2, 320: 142
33.9, -118.2, 740: 690
33.9, -118.2, 901: 139
33.9, -118.2, 870: 1
33.9, -118.2, 753: 84
33.9, -118.2, 820: 10
33.9, -118.2, 956: 102
33.9, -118.2, 756: 2
33.9, -118.2, 121: 78
33.9, -118.2, 330: 823
33.9, -118.2, 902: 9
33.9, -118.2, 763: 11
33.9, -118.2, 480: 1
33.9, -118.2, 647: 18
33.9, -118.2, 850: 10
33.9, -118.2, 815: 8
33.9, -118.2, 450: 4
33.9, -118.2, 441: 43
33.9, -118.2, 648: 44
33.9, -118.2, 664: 9
33.9, -118.2, 942: 1
33.9, -118.2, 474: 1
33.9, -118.2, 649: 95
33.9, -118.2, 122: 8
33.9, -118.2, 762: 5
33.9, -118.2, 250: 5
33.9, -118.2, 231: 29
33.9, -118.2, 944: 1
33.9, -118.2, 341: 322
33.9, -118.2, 624: 2100
33.9, -118.2, 949: 2
33.9, -118.2, 623: 57
33.9, -118.2, 625: 5
33.9, -118.2, 924: 2
33.9, -118.2, 442: 38
33.9, -118.2, 900: 225
33.9, -118.2, 760: 1
33.9, -118.2, 437: 41
33.9, -118.2, 331: 80
33.9, -118.2, 888: 63
33.9, -118.2, 310: 1530
33.9, -118.2, 251: 107
33.9, -118.2, 421: 8
33.9, -118.2, 210: 1572
33.9, -118.2, 220: 182
33.9, -118.2, 433: 35
33.9, -118.2, 813: 57
33.9, -118.2, 810: 49
33.9, -118.2, 660: 5
33.9, -118.2, 951: 1
33.9, -118.2, 354: 559
33.9, -118.2, 520: 29
33.9, -118.2, 351: 13
33.9, -118.2, 651: 1
33.9, -118.2, 950: 2
33.9, -118.2, 440: 857
33.9, -118.2, 666: 2
33.9, -118.2, 954: 4
33.9, -118.2, 932: 2
33.9, -118.2, 236: 131
33.9, -118.2, 745: 1220
33.9, -118.2, 410: 21
33.9, -118.2, 230: 1314
33.9, -118.2, 420: 375
33.9, -118.2, 438: 1
33.9, -118.2, 670: 1
33.9, -118.2, 821: 15
33.9, -118.2, 761: 141
33.9, -118.2, 946: 136
33.9, -118.2, 435: 1
33.9, -118.2, 352: 4
33.9, -118.2, 627: 128
33.9, -118.2, 443: 1
33.9, -118.2, 626: 1484
33.9, -118.2, 668: 3
33.9, -118.2, 910: 27
33.9, -118.2, 662: 7
33.9, -118.1, 626: 2
33.9, -118.1, 624: 7
33.9, -118.1, 440: 2
33.9, -118.1, 946: 1
33.9, -118.1, 230: 1
33.9, -118.1, 330: 2
33.9, -118.1, 510: 3
33.9, -118.1, 420: 1
33.9, -118.1, 210: 4
33.9, -118.1, 860: 1
33.9, -118.1, 350: 1
33.9, -118.1, 354: 5
33.9, -118.1, 740: 1
33.9, -118.0, 626: 1
33.9, -118.0, 624: 1
33.9, -118.0, 510: 1
34.0, -118.8, 310: 1
34.0, -118.6, 442: 14
34.0, -118.6, 813: 1
34.0, -118.6, 330: 65
34.0, -118.6, 121: 4
34.0, -118.6, 740: 31
34.0, -118.6, 761: 5
34.0, -118.6, 441: 2
34.0, -118.6, 440: 44
34.0, -118.6, 820: 1
34.0, -118.6, 940: 3
34.0, -118.6, 220: 2
34.0, -118.6, 886: 4
34.0, -118.6, 649: 14
34.0, -118.6, 624: 71
34.0, -118.6, 745: 25
34.0, -118.6, 310: 69
34.0, -118.6, 888: 22
34.0, -118.6, 900: 5
34.0, -118.6, 668: 2
34.0, -118.6, 520: 1
34.0, -118.6, 421: 2
34.0, -118.6, 661: 1
34.0, -118.6, 231: 1
34.0, -118.6, 210: 6
34.0, -118.6, 320: 1
34.0, -118.6, 420: 24
34.0, -118.6, 902: 1
34.0, -118.6, 647: 1
34.0, -118.6, 903: 1
34.0, -118.6, 331: 25
34.0, -118.6, 930: 17
34.0, -118.6, 946: 9
34.0, -118.6, 815: 2
34.0, -118.6, 928: 2
34.0, -118.6, 480: 1
34.0, -118.6, 901: 4
34.0, -118.6, 951: 4
34.0, -118.6, 410: 2
34.0, -118.6, 956: 9
34.0, -118.6, 237: 3
34.0, -118.6, 354: 51
34.0, -118.6, 341: 45
34.0, -118.6, 230: 13
34.0, -118.6, 860: 3
34.0, -118.6, 662: 1
34.0, -118.6, 821: 1
34.0, -118.6, 510: 28
34.0, -118.6, 623: 2
34.0, -118.6, 664: 1
34.0, -118.6, 626: 37
34.0, -118.5, 903: 24
34.0, -118.5, 341: 2381
34.0, -118.5, 660: 10
34.0, -118.5, 510: 1617
34.0, -118.5, 933: 33
34.0, -118.5, 756: 2
34.0, -118.5, 902: 10
34.0, -118.5, 350: 184
34.0, -118.5, 121: 137
34.0, -118.5, 331: 732
34.0, -118.5, 410: 44
34.0, -118.5, 343: 19
34.0, -118.5, 949: 8
34.0, -118.5, 928: 27
34.0, -118.5, 345: 1
34.0, -118.5, 670: 8
34.0, -118.5, 805: 3
34.0, -118.5, 932: 40
34.0, -118.5, 250: 2
34.0, -118.5, 651: 4
34.0, -118.5, 435: 1
34.0, -118.5, 922: 9
34.0, -118.5, 753: 14
34.0, -118.5, 940: 29
34.0, -118.5, 236: 65
34.0, -118.5, 450: 7
34.0, -118.5, 433: 5
34.0, -118.5, 627: 36
34.0, -118.5, 310: 3021
34.0, -118.5, 886: 107
34.0, -118.5, 870: 1
34.0, -118.5, 910: 16
34.0, -118.5, 649: 372
34.0, -118.5, 930: 668
34.0, -118.5, 622: 5
34.0, -118.5, 110: 14
34.0, -118.5, 353: 1
34.0, -118.5, 762: 34
34.0, -118.5, 815: 31
34.0, -118.5, 745: 1577
34.0, -118.5, 850: 52
34.0, -118.5, 351: 9
34.0, -118.5, 647: 24
34.0, -118.5, 821: 13
34.0, -118.5, 880: 1
34.0, -118.5, 421: 20
34.0, -118.5, 944: 3
34.0, -118.5, 487: 3
34.0, -118.5, 251: 5
34.0, -118.5, 438: 4
34.0, -118.5, 420: 1265
34.0, -118.5, 237: 33
34.0, -118.5, 920: 7
34.0, -118.5, 220: 148
34.0, -118.5, 624: 3002
34.0, -118.5, 950: 7
34.0, -118.5, 320: 219
34.0, -118.5, 654: 12
34.0, -118.5, 666: 7
34.0, -118.5, 761: 125
34.0, -118.5, 668: 112
34.0, -118.5, 661: 48
34.0, -118.5, 822: 3
34.0, -118.5, 901: 200
34.0, -118.5, 480: 364
34.0, -118.5, 946: 420
34.0, -118.5, 890: 4
34.0, -118.5, 943: 21
34.0, -118.5, 625: 66
34.0, -118.5, 231: 28
34.0, -118.5, 755: 19
34.0, -118.5, 810: 20
34.0, -118.5, 900: 228
34.0, -118.5, 451: 2
34.0, -118.5, 437: 97
34.0, -118.5, 814: 1
34.0, -118.5, 888: 337
34.0, -118.5, 520: 39
34.0, -118.5, 230: 1114
34.0, -118.5, 623: 105
34.0, -118.5, 956: 355
34.0, -118.5, 653: 4
34.0, -118.5, 812: 43
34.0, -118.5, 352: 15
34.0, -118.5, 235: 3
34.0, -118.5, 440: 3618
34.0, -118.5, 434: 5
34.0, -118.5, 439: 7
34.0, -118.5, 441: 27
34.0, -118.5, 740: 1800
34.0, -118.5, 210: 841
34.0, -118.5, 664: 65
34.0, -118.5, 330: 3055
34.0, -118.5, 820: 32
34.0, -118.5, 662: 98
34.0, -118.5, 954: 2
34.0, -118.5, 474: 1
34.0, -118.5, 813: 39
34.0, -118.5, 860: 197
34.0, -118.5, 648: 37
34.0, -118.5, 626: 726
34.0, -118.5, 354: 2006
34.0, -118.5, 763: 35
34.0, -118.5, 442: 172
34.0, -118.5, 122: 14
34.0, -118.5, 951: 52
34.0, -118.5, 443: 3
34.0, -118.4, 623: 102
34.0, -118.4, 626: 3258
34.0, -118.4, 951: 77
34.0, -118.4, 347: 2
34.0, -118.4, 888: 728
34.0, -118.4, 220: 391
34.0, -118.4, 351: 33
34.0, -118.4, 944: 1
34.0, -118.4, 850: 107
34.0, -118.4, 753: 103
34.0, -118.4, 341: 3976
34.0, -118.4, 902: 48
34.0, -118.4, 432: 1
34.0, -118.4, 653: 37
34.0, -118.4, 420: 3888
34.0, -118.4, 235: 44
34.0, -118.4, 943: 46
34.0, -118.4, 434: 28
34.0, -118.4, 664: 234
34.0, -118.4, 474: 1
34.0, -118.4, 940: 75
34.0, -118.4, 627: 262
34.0, -118.4, 441: 69
34.0, -118.4, 110: 80
34.0, -118.4, 762: 52
34.0, -118.4, 805: 3
34.0, -118.4, 930: 2255
34.0, -118.4, 410: 170
34.0, -118.4, 901: 659
34.0, -118.4, 354: 6803
34.0, -118.4, 924: 1
34.0, -118.4, 810: 147
34.0, -118.4, 942: 3
34.0, -118.4, 812: 287
34.0, -118.4, 487: 11
34.0, -118.4, 442: 1496
34.0, -118.4, 485: 4
34.0, -118.4, 440: 8356
34.0, -118.4, 886: 238
34.0, -118.4, 350: 375
34.0, -118.4, 343: 133
34.0, -118.4, 510: 7209
34.0, -118.4, 900: 827
34.0, -118.4, 880: 1
34.0, -118.4, 890: 15
34.0, -118.4, 450: 7
34.0, -118.4, 648: 126
34.0, -118.4, 813: 180
34.0, -118.4, 438: 5
34.0, -118.4, 814: 4
34.0, -118.4, 230: 2543
34.0, -118.4, 820: 80
34.0, -118.4, 949: 22
34.0, -118.4, 920: 17
34.0, -118.4, 452: 4
34.0, -118.4, 652: 1
34.0, -118.4, 330: 7983
34.0, -118.4, 251: 57
34.0, -118.4, 756: 4
34.0, -118.4, 666: 26
34.0, -118.4, 625: 131
34.0, -118.4, 437: 74
34.0, -118.4, 421: 89
34.0, -118.4, 662: 360
34.0, -118.4, 310: 9944
34.0, -118.4, 113: 1
34.0, -118.4, 822: 5
34.0, -118.4, 956: 1065
34.0, -118.4, 352: 23
34.0, -118.4, 661: 96
34.0, -118.4, 435: 1
34.0, -118.4, 821: 47
34.0, -118.4, 520: 200
34.0, -118.4, 950: 8
34.0, -118.4, 932: 56
34.0, -118.4, 668: 1433
34.0, -118.4, 649: 1497
34.0, -118.4, 946: 1095
34.0, -118.4, 624: 7579
34.0, -118.4, 745: 4734
34.0, -118.4, 122: 47
34.0, -118.4, 755: 46
34.0, -118.4, 439: 13
34.0, -118.4, 231: 31
34.0, -118.4, 647: 66
34.0, -118.4, 345: 7
34.0, -118.4, 670: 51
34.0, -118.4, 237: 150
34.0, -118.4, 451: 3
34.0, -118.4, 320: 987
34.0, -118.4, 443: 11
34.0, -118.4, 622: 7
34.0, -118.4, 928: 79
34.0, -118.4, 933: 82
34.0, -118.4, 954: 2
34.0, -118.4, 922: 42
34.0, -118.4, 433: 19
34.0, -118.4, 331: 2033
34.0, -118.4, 436: 3
34.0, -118.4, 740: 4235
34.0, -118.4, 236: 300
34.0, -118.4, 903: 61
34.0, -118.4, 815: 81
34.0, -118.4, 870: 2
34.0, -118.4, 761: 367
34.0, -118.4, 444: 5
34.0, -118.4, 760: 1
34.0, -118.4, 910: 47
34.0, -118.4, 840: 1
34.0, -118.4, 654: 30
34.0, -118.4, 480: 532
34.0, -118.4, 473: 1
34.0, -118.4, 210: 2800
34.0, -118.4, 121: 392
34.0, -118.4, 250: 10
34.0, -118.4, 860: 404
34.0, -118.4, 651: 13
34.0, -118.4, 763: 102
34.0, -118.4, 660: 36
34.0, -118.3, 442: 4633
34.0, -118.3, 760: 17
34.0, -118.3, 890: 81
34.0, -118.3, 840: 5
34.0, -118.3, 648: 714
34.0, -118.3, 352: 147
34.0, -118.3, 756: 25
34.0, -118.3, 434: 195
34.0, -118.3, 745: 15803
34.0, -118.3, 944: 12
34.0, -118.3, 443: 26
34.0, -118.3, 231: 316
34.0, -118.3, 441: 248
34.0, -118.3, 452: 3
34.0, -118.3, 310: 20226
34.0, -118.3, 626: 20240
34.0, -118.3, 444: 31
34.0, -118.3, 237: 1072
34.0, -118.3, 952: 1
34.0, -118.3, 884: 5
34.0, -118.3, 948: 3
34.0, -118.3, 251: 752
34.0, -118.3, 815: 293
34.0, -118.3, 439: 51
34.0, -118.3, 949: 57
34.0, -118.3, 622: 39
34.0, -118.3, 901: 2705
34.0, -118.3, 341: 8846
34.0, -118.3, 451: 12
34.0, -118.3, 946: 3968
34.0, -118.3, 350: 3981
34.0, -118.3, 662: 707
34.0, -118.3, 920: 178
34.0, -118.3, 654: 26
34.0, -118.3, 210: 21626
34.0, -118.3, 661: 85
34.0, -118.3, 942: 8
34.0, -118.3, 623: 963
34.0, -118.3, 485: 10
34.0, -118.3, 903: 221
34.0, -118.3, 331: 2512
34.0, -118.3, 470: 4
34.0, -118.3, 624: 37645
34.0, -118.3, 880: 14
34.0, -118.3, 664: 646
34.0, -118.3, 921: 16
34.0, -118.3, 520: 407
34.0, -118.3, 653: 29
34.0, -118.3, 121: 1641
34.0, -118.3, 330: 19208
34.0, -118.3, 433: 94
34.0, -118.3, 473: 8
34.0, -118.3, 435: 15
34.0, -118.3, 954: 17
34.0, -118.3, 446: 6
34.0, -118.3, 420: 10946
34.0, -118.3, 475: 1
34.0, -118.3, 487: 10
34.0, -118.3, 755: 115
34.0, -118.3, 950: 27
34.0, -118.3, 806: 45
34.0, -118.3, 940: 328
34.0, -118.3, 353: 1
34.0, -118.3, 652: 9
34.0, -118.3, 951: 215
34.0, -118.3, 922: 310
34.0, -118.3, 924: 7
34.0, -118.3, 625: 297
34.0, -118.3, 354: 14305
34.0, -118.3, 850: 514
34.0, -118.3, 762: 180
34.0, -118.3, 956: 2278
34.0, -118.3, 763: 315
34.0, -118.3, 343: 165
34.0, -118.3, 865: 3
34.0, -118.3, 882: 5
34.0, -118.3, 900: 3287
34.0, -118.3, 805: 138
34.0, -118.3, 813: 846
34.0, -118.3, 910: 486
34.0, -118.3, 928: 299
34.0, -118.3, 822: 68
34.0, -118.3, 510: 27756
34.0, -118.3, 830: 1
34.0, -118.3, 886: 233
34.0, -118.3, 347: 34
34.0, -118.3, 235: 552
34.0, -118.3, 888: 1841
34.0, -118.3, 870: 18
34.0, -118.3, 450: 73
34.0, -118.3, 933: 127
34.0, -118.3, 812: 1761
34.0, -118.3, 250: 58
34.0, -118.3, 668: 538
34.0, -118.3, 902: 125
34.0, -118.3, 666: 97
34.0, -118.3, 236: 2345
34.0, -118.3, 761: 2287
34.0, -118.3, 740: 14491
34.0, -118.3, 410: 477
34.0, -118.3, 931: 9
34.0, -118.3, 753: 766
34.0, -118.3, 932: 137
34.0, -118.3, 421: 125
34.0, -118.3, 651: 64
34.0, -118.3, 345: 10
34.0, -118.3, 122: 184
34.0, -118.3, 480: 2081
34.0, -118.3, 440: 22634
34.0, -118.3, 438: 28
34.0, -118.3, 649: 3037
34.0, -118.3, 437: 627
34.0, -118.3, 471: 12
34.0, -118.3, 627: 1703
34.0, -118.3, 821: 198
34.0, -118.3, 860: 1682
34.0, -118.3, 474: 25
34.0, -118.3, 436: 9
34.0, -118.3, 647: 202
34.0, -118.3, 820: 313
34.0, -118.3, 351: 279
34.0, -118.3, 445: 2
34.0, -118.3, 220: 2853
34.0, -118.3, 320: 1896
34.0, -118.3, 930: 11637
34.0, -118.3, 814: 20
34.0, -118.3, 810: 828
34.0, -118.3, 670: 78
34.0, -118.3, 110: 765
34.0, -118.3, 230: 21872
34.0, -118.3, 943: 235
34.0, -118.3, 349: 3
34.0, -118.3, 660: 145
34.0, -118.2, 902: 42
34.0, -118.2, 850: 128
34.0, -118.2, 341: 1872
34.0, -118.2, 485: 2
34.0, -118.2, 231: 77
34.0, -118.2, 928: 64
34.0, -118.2, 220: 529
34.0, -118.2, 649: 417
34.0, -118.2, 250: 6
34.0, -118.2, 330: 4645
34.0, -118.2, 345: 3
34.0, -118.2, 903: 91
34.0, -118.2, 235: 62
34.0, -118.2, 946: 1023
34.0, -118.2, 121: 352
34.0, -118.2, 474: 2
34.0, -118.2, 354: 2227
34.0, -118.2, 110: 142
34.0, -118.2, 122: 40
34.0, -118.2, 443: 3
34.0, -118.2, 648: 156
34.0, -118.2, 625: 87
34.0, -118.2, 932: 12
34.0, -118.2, 951: 25
34.0, -118.2, 901: 517
34.0, -118.2, 434: 40
34.0, -118.2, 487: 4
34.0, -118.2, 813: 182
34.0, -118.2, 745: 3017
34.0, -118.2, 755: 31
34.0, -118.2, 943: 55
34.0, -118.2, 931: 1
34.0, -118.2, 662: 152
34.0, -118.2, 439: 10
34.0, -118.2, 756: 5
34.0, -118.2, 343: 10
34.0, -118.2, 442: 482
34.0, -118.2, 624: 9012
34.0, -118.2, 510: 6479
34.0, -118.2, 763: 45
34.0, -118.2, 760: 3
34.0, -118.2, 761: 631
34.0, -118.2, 450: 16
34.0, -118.2, 437: 113
34.0, -118.2, 251: 96
34.0, -118.2, 860: 366
34.0, -118.2, 230: 4870
34.0, -118.2, 942: 1
34.0, -118.2, 210: 4194
34.0, -118.2, 352: 53
34.0, -118.2, 806: 3
34.0, -118.2, 438: 7
34.0, -118.2, 651: 7
34.0, -118.2, 353: 3
34.0, -118.2, 627: 212
34.0, -118.2, 453: 1
34.0, -118.2, 821: 73
34.0, -118.2, 900: 568
34.0, -118.2, 910: 101
34.0, -118.2, 762: 46
34.0, -118.2, 475: 1
34.0, -118.2, 815: 79
34.0, -118.2, 940: 67
34.0, -118.2, 666: 10
34.0, -118.2, 950: 2
34.0, -118.2, 351: 82
34.0, -118.2, 870: 2
34.0, -118.2, 812: 283
34.0, -118.2, 933: 6
34.0, -118.2, 471: 4
34.0, -118.2, 433: 15
34.0, -118.2, 331: 546
34.0, -118.2, 884: 2
34.0, -118.2, 920: 26
34.0, -118.2, 410: 93
34.0, -118.2, 236: 525
34.0, -118.2, 647: 43
34.0, -118.2, 956: 370
34.0, -118.2, 922: 26
34.0, -118.2, 435: 8
34.0, -118.2, 670: 10
34.0, -118.2, 822: 6
34.0, -118.2, 421: 23
34.0, -118.2, 810: 133
34.0, -118.2, 954: 6
34.0, -118.2, 320: 168
34.0, -118.2, 661: 22
34.0, -118.2, 753: 167
34.0, -118.2, 949: 24
34.0, -118.2, 653: 8
34.0, -118.2, 930: 2305
34.0, -118.2, 921: 1
34.0, -118.2, 520: 134
34.0, -118.2, 623: 224
34.0, -118.2, 237: 177
34.0, -118.2, 440: 5438
34.0, -118.2, 310: 2676
34.0, -118.2, 626: 3650
34.0, -118.2, 660: 19
34.0, -118.2, 452: 2
34.0, -118.2, 664: 186
34.0, -118.2, 654: 6
34.0, -118.2, 820: 50
34.0, -118.2, 924: 1
34.0, -118.2, 445: 1
34.0, -118.2, 480: 541
34.0, -118.2, 888: 540
34.0, -118.2, 350: 720
34.0, -118.2, 622: 11
34.0, -118.2, 944: 1
34.0, -118.2, 886: 89
34.0, -118.2, 441: 66
34.0, -118.2, 890: 14
34.0, -118.2, 668: 113
34.0, -118.2, 436: 1
34.0, -118.2, 420: 2301
34.0, -118.2, 740: 2998
34.0, -118.1, 910: 1
34.0, -118.1, 437: 2
34.0, -118.1, 350: 1
34.0, -118.1, 821: 1
34.0, -118.1, 930: 1
34.0, -118.1, 510: 4
34.0, -118.1, 237: 1
34.0, -118.1, 230: 4
34.0, -118.1, 624: 3
34.0, -118.1, 440: 3
34.0, -118.1, 626: 1
34.0, -118.1, 623: 1
34.0, -118.1, 210: 1
34.0, -118.1, 420: 2
34.0, -118.1, 330: 1
34.0, -118.1, 310: 1
34.0, -118.1, 341: 3
34.0, -118.0, 740: 1
34.0, -118.0, 331: 1
34.0, -118.0, 440: 1
34.0, -118.0, 624: 5
34.0, -118.0, 510: 3
34.0, -118.0, 745: 2
34.0, -118.0, 626: 2
34.0, -118.0, 330: 2
34.0, -117.9, 762: 1
34.0, -117.9, 420: 1
34.0, -117.9, 330: 1
34.0, -117.8, 354: 1
34.0, -117.8, 626: 1
34.1, -118.8, 354: 1
34.1, -118.6, 933: 2
34.1, -118.6, 753: 1
34.1, -118.6, 237: 1
34.1, -118.6, 626: 50
34.1, -118.6, 902: 4
34.1, -118.6, 310: 200
34.1, -118.6, 251: 1
34.1, -118.6, 664: 2
34.1, -118.6, 901: 18
34.1, -118.6, 330: 121
34.1, -118.6, 900: 13
34.1, -118.6, 886: 4
34.1, -118.6, 661: 1
34.1, -118.6, 651: 1
34.1, -118.6, 121: 5
34.1, -118.6, 437: 1
34.1, -118.6, 954: 1
34.1, -118.6, 812: 3
34.1, -118.6, 648: 1
34.1, -118.6, 956: 46
34.1, -118.6, 888: 23
34.1, -118.6, 761: 3
34.1, -118.6, 510: 34
34.1, -118.6, 662: 10
34.1, -118.6, 236: 6
34.1, -118.6, 668: 1
34.1, -118.6, 763: 2
34.1, -118.6, 110: 2
34.1, -118.6, 420: 75
34.1, -118.6, 860: 2
34.1, -118.6, 740: 59
34.1, -118.6, 442: 2
34.1, -118.6, 341: 77
34.1, -118.6, 440: 61
34.1, -118.6, 354: 245
34.1, -118.6, 220: 1
34.1, -118.6, 410: 1
34.1, -118.6, 670: 1
34.1, -118.6, 762: 1
34.1, -118.6, 627: 7
34.1, -118.6, 745: 43
34.1, -118.6, 331: 25
34.1, -118.6, 946: 17
34.1, -118.6, 480: 2
34.1, -118.6, 903: 1
34.1, -118.6, 230: 11
34.1, -118.6, 320: 25
34.1, -118.6, 350: 2
34.1, -118.6, 421: 2
34.1, -118.6, 250: 1
34.1, -118.6, 649: 33
34.1, -118.6, 940: 1
34.1, -118.6, 943: 2
34.1, -118.6, 813: 2
34.1, -118.6, 928: 2
34.1, -118.6, 210: 9
34.1, -118.6, 820: 2
34.1, -118.6, 930: 31
34.1, -118.6, 624: 68
34.1, -118.6, 810: 5
34.1, -118.5, 230: 134
34.1, -118.5, 220: 12
34.1, -118.5, 810: 13
34.1, -118.5, 813: 16
34.1, -118.5, 666: 5
34.1, -118.5, 761: 22
34.1, -118.5, 660: 1
34.1, -118.5, 762: 7
34.1, -118.5, 888: 259
34.1, -118.5, 647: 15
34.1, -118.5, 237: 14
34.1, -118.5, 763: 19
34.1, -118.5, 623: 8
34.1, -118.5, 235: 2
34.1, -118.5, 351: 1
34.1, -118.5, 441: 6
34.1, -118.5, 354: 1761
34.1, -118.5, 110: 1
34.1, -118.5, 231: 3
34.1, -118.5, 437: 3
34.1, -118.5, 900: 88
34.1, -118.5, 122: 2
34.1, -118.5, 956: 282
34.1, -118.5, 648: 12
34.1, -118.5, 439: 2
34.1, -118.5, 910: 7
34.1, -118.5, 626: 327
34.1, -118.5, 653: 5
34.1, -118.5, 922: 4
34.1, -118.5, 627: 12
34.1, -118.5, 350: 15
34.1, -118.5, 480: 64
34.1, -118.5, 942: 1
34.1, -118.5, 352: 1
34.1, -118.5, 901: 67
34.1, -118.5, 850: 12
34.1, -118.5, 821: 2
34.1, -118.5, 520: 15
34.1, -118.5, 745: 480
34.1, -118.5, 345: 1
34.1, -118.5, 330: 1312
34.1, -118.5, 434: 7
34.1, -118.5, 443: 1
34.1, -118.5, 814: 2
34.1, -118.5, 343: 12
34.1, -118.5, 951: 10
34.1, -118.5, 510: 496
34.1, -118.5, 438: 1
34.1, -118.5, 668: 29
34.1, -118.5, 903: 16
34.1, -118.5, 446: 1
34.1, -118.5, 121: 62
34.1, -118.5, 410: 20
34.1, -118.5, 442: 37
34.1, -118.5, 310: 1908
34.1, -118.5, 930: 224
34.1, -118.5, 886: 42
34.1, -118.5, 946: 117
34.1, -118.5, 251: 2
34.1, -118.5, 320: 158
34.1, -118.5, 331: 378
34.1, -118.5, 940: 27
34.1, -118.5, 210: 98
34.1, -118.5, 670: 6
34.1, -118.5, 950: 4
34.1, -118.5, 471: 1
34.1, -118.5, 664: 16
34.1, -118.5, 928: 41
34.1, -118.5, 812: 17
34.1, -118.5, 440: 859
34.1, -118.5, 651: 2
34.1, -118.5, 755: 11
34.1, -118.5, 421: 15
34.1, -118.5, 933: 32
34.1, -118.5, 662: 48
34.1, -118.5, 236: 26
34.1, -118.5, 815: 6
34.1, -118.5, 622: 6
34.1, -118.5, 902: 5
34.1, -118.5, 654: 2
34.1, -118.5, 624: 680
34.1, -118.5, 341: 971
34.1, -118.5, 661: 33
34.1, -118.5, 652: 1
34.1, -118.5, 487: 1
34.1, -118.5, 949: 2
34.1, -118.5, 740: 534
34.1, -118.5, 756: 1
34.1, -118.5, 932: 19
34.1, -118.5, 649: 302
34.1, -118.5, 420: 676
34.1, -118.5, 625: 11
34.1, -118.5, 753: 6
34.1, -118.5, 860: 50
34.1, -118.5, 943: 4
34.1, -118.5, 840: 1
34.1, -118.5, 820: 9
34.1, -118.4, 450: 10
34.1, -118.4, 670: 59
34.1, -118.4, 901: 316
34.1, -118.4, 330: 8823
34.1, -118.4, 822: 2
34.1, -118.4, 121: 293
34.1, -118.4, 756: 1
34.1, -118.4, 932: 56
34.1, -118.4, 943: 36
34.1, -118.4, 761: 215
34.1, -118.4, 950: 42
34.1, -118.4, 860: 335
34.1, -118.4, 251: 14
34.1, -118.4, 651: 12
34.1, -118.4, 220: 145
34.1, -118.4, 946: 738
34.1, -118.4, 647: 45
34.1, -118.4, 888: 1007
34.1, -118.4, 438: 3
34.1, -118.4, 662: 347
34.1, -118.4, 624: 4974
34.1, -118.4, 627: 103
34.1, -118.4, 753: 25
34.1, -118.4, 354: 6537
34.1, -118.4, 351: 30
34.1, -118.4, 902: 26
34.1, -118.4, 805: 10
34.1, -118.4, 231: 32
34.1, -118.4, 470: 1
34.1, -118.4, 343: 503
34.1, -118.4, 812: 97
34.1, -118.4, 443: 7
34.1, -118.4, 762: 35
34.1, -118.4, 440: 6084
34.1, -118.4, 666: 22
34.1, -118.4, 625: 89
34.1, -118.4, 952: 1
34.1, -118.4, 920: 14
34.1, -118.4, 520: 49
34.1, -118.4, 210: 1525
34.1, -118.4, 349: 1
34.1, -118.4, 347: 1
34.1, -118.4, 622: 11
34.1, -118.4, 649: 1295
34.1, -118.4, 664: 158
34.1, -118.4, 310: 6963
34.1, -118.4, 410: 95
34.1, -118.4, 471: 5
34.1, -118.4, 420: 2925
34.1, -118.4, 474: 7
34.1, -118.4, 352: 28
34.1, -118.4, 451: 1
34.1, -118.4, 810: 41
34.1, -118.4, 813: 71
34.1, -118.4, 626: 2034
34.1, -118.4, 922: 15
34.1, -118.4, 933: 69
34.1, -118.4, 928: 134
34.1, -118.4, 236: 177
34.1, -118.4, 954: 5
34.1, -118.4, 949: 14
34.1, -118.4, 444: 12
34.1, -118.4, 745: 2634
34.1, -118.4, 921: 4
34.1, -118.4, 320: 636
34.1, -118.4, 653: 75
34.1, -118.4, 510: 3136
34.1, -118.4, 487: 5
34.1, -118.4, 437: 38
34.1, -118.4, 237: 78
34.1, -118.4, 886: 192
34.1, -118.4, 442: 2672
34.1, -118.4, 956: 1137
34.1, -118.4, 940: 95
34.1, -118.4, 235: 17
34.1, -118.4, 648: 75
34.1, -118.4, 820: 54
34.1, -118.4, 652: 6
34.1, -118.4, 623: 75
34.1, -118.4, 740: 3259
34.1, -118.4, 433: 5
34.1, -118.4, 850: 96
34.1, -118.4, 821: 47
34.1, -118.4, 900: 394
34.1, -118.4, 421: 61
34.1, -118.4, 250: 3
34.1, -118.4, 230: 1120
34.1, -118.4, 654: 14
34.1, -118.4, 661: 131
34.1, -118.4, 930: 1438
34.1, -118.4, 110: 15
34.1, -118.4, 331: 2000
34.1, -118.4, 439: 11
34.1, -118.4, 345: 20
34.1, -118.4, 903: 69
34.1, -118.4, 763: 100
34.1, -118.4, 660: 36
34.1, -118.4, 890: 2
34.1, -118.4, 910: 37
34.1, -118.4, 806: 3
34.1, -118.4, 473: 1
34.1, -118.4, 350: 308
34.1, -118.4, 755: 63
34.1, -118.4, 341: 4790
34.1, -118.4, 122: 35
34.1, -118.4, 434: 21
34.1, -118.4, 942: 4
34.1, -118.4, 870: 2
34.1, -118.4, 951: 142
34.1, -118.4, 668: 301
34.1, -118.4, 441: 78
34.1, -118.4, 480: 542
34.1, -118.4, 815: 89
34.1, -118.3, 434: 113
34.1, -118.3, 822: 37
34.1, -118.3, 660: 124
34.1, -118.3, 236: 1028
34.1, -118.3, 347: 13
34.1, -118.3, 349: 1
34.1, -118.3, 812: 793
34.1, -118.3, 901: 1487
34.1, -118.3, 890: 24
34.1, -118.3, 830: 2
34.1, -118.3, 251: 112
34.1, -118.3, 624: 24630
34.1, -118.3, 880: 5
34.1, -118.3, 946: 2342
34.1, -118.3, 806: 22
34.1, -118.3, 237: 517
34.1, -118.3, 475: 3
34.1, -118.3, 446: 1
34.1, -118.3, 480: 2331
34.1, -118.3, 444: 13
34.1, -118.3, 850: 419
34.1, -118.3, 815: 329
34.1, -118.3, 884: 5
34.1, -118.3, 345: 12
34.1, -118.3, 450: 39
34.1, -118.3, 210: 11411
34.1, -118.3, 900: 1934
34.1, -118.3, 654: 28
34.1, -118.3, 350: 2046
34.1, -118.3, 626: 12658
34.1, -118.3, 435: 3
34.1, -118.3, 662: 874
34.1, -118.3, 753: 277
34.1, -118.3, 231: 189
34.1, -118.3, 921: 12
34.1, -118.3, 110: 231
34.1, -118.3, 648: 307
34.1, -118.3, 438: 37
34.1, -118.3, 487: 5
34.1, -118.3, 235: 110
34.1, -118.3, 113: 1
34.1, -118.3, 814: 10
34.1, -118.3, 473: 6
34.1, -118.3, 860: 1544
34.1, -118.3, 649: 2873
34.1, -118.3, 922: 88
34.1, -118.3, 664: 527
34.1, -118.3, 931: 3
34.1, -118.3, 762: 165
34.1, -118.3, 420: 9476
34.1, -118.3, 813: 486
34.1, -118.3, 520: 248
34.1, -118.3, 920: 68
34.1, -118.3, 353: 13
34.1, -118.3, 421: 121
34.1, -118.3, 352: 172
34.1, -118.3, 932: 152
34.1, -118.3, 761: 1293
34.1, -118.3, 627: 726
34.1, -118.3, 928: 408
34.1, -118.3, 886: 339
34.1, -118.3, 433: 38
34.1, -118.3, 443: 16
34.1, -118.3, 441: 148
34.1, -118.3, 668: 580
34.1, -118.3, 763: 241
34.1, -118.3, 756: 31
34.1, -118.3, 653: 39
34.1, -118.3, 351: 220
34.1, -118.3, 445: 1
34.1, -118.3, 755: 170
34.1, -118.3, 942: 5
34.1, -118.3, 230: 9372
34.1, -118.3, 652: 3
34.1, -118.3, 330: 21594
34.1, -118.3, 865: 7
34.1, -118.3, 760: 5
34.1, -118.3, 930: 6284
34.1, -118.3, 952: 1
34.1, -118.3, 882: 2
34.1, -118.3, 310: 14014
34.1, -118.3, 622: 41
34.1, -118.3, 943: 131
34.1, -118.3, 485: 6
34.1, -118.3, 470: 4
34.1, -118.3, 437: 421
34.1, -118.3, 902: 149
34.1, -118.3, 933: 62
34.1, -118.3, 250: 17
34.1, -118.3, 910: 198
34.1, -118.3, 647: 145
34.1, -118.3, 451: 5
34.1, -118.3, 870: 9
34.1, -118.3, 944: 2
34.1, -118.3, 840: 2
34.1, -118.3, 651: 86
34.1, -118.3, 452: 2
34.1, -118.3, 820: 210
34.1, -118.3, 810: 512
34.1, -118.3, 666: 49
34.1, -118.3, 510: 15463
34.1, -118.3, 888: 2641
34.1, -118.3, 805: 71
34.1, -118.3, 439: 49
34.1, -118.3, 121: 1322
34.1, -118.3, 122: 203
34.1, -118.3, 948: 3
34.1, -118.3, 956: 2300
34.1, -118.3, 903: 131
34.1, -118.3, 440: 17406
34.1, -118.3, 220: 1839
34.1, -118.3, 745: 10255
34.1, -118.3, 471: 9
34.1, -118.3, 354: 13757
34.1, -118.3, 474: 39
34.1, -118.3, 821: 205
34.1, -118.3, 949: 27
34.1, -118.3, 436: 1
34.1, -118.3, 320: 1091
34.1, -118.3, 625: 400
34.1, -118.3, 410: 373
34.1, -118.3, 343: 128
34.1, -118.3, 623: 617
34.1, -118.3, 940: 296
34.1, -118.3, 950: 32
34.1, -118.3, 442: 3749
34.1, -118.3, 341: 8665
34.1, -118.3, 740: 12217
34.1, -118.3, 951: 386
34.1, -118.3, 954: 14
34.1, -118.3, 670: 42
34.1, -118.3, 924: 5
34.1, -118.3, 661: 163
34.1, -118.3, 331: 3741
34.1, -118.2, 622: 17
34.1, -118.2, 956: 949
34.1, -118.2, 220: 438
34.1, -118.2, 821: 57
34.1, -118.2, 250: 18
34.1, -118.2, 353: 1
34.1, -118.2, 440: 5440
34.1, -118.2, 345: 4
34.1, -118.2, 940: 62
34.1, -118.2, 350: 306
34.1, -118.2, 815: 102
34.1, -118.2, 343: 62
34.1, -118.2, 870: 3
34.1, -118.2, 814: 9
34.1, -118.2, 654: 2
34.1, -118.2, 320: 330
34.1, -118.2, 954: 4
34.1, -118.2, 439: 16
34.1, -118.2, 820: 60
34.1, -118.2, 237: 285
34.1, -118.2, 928: 254
34.1, -118.2, 830: 2
34.1, -118.2, 436: 1
34.1, -118.2, 437: 172
34.1, -118.2, 471: 5
34.1, -118.2, 445: 1
34.1, -118.2, 438: 16
34.1, -118.2, 890: 12
34.1, -118.2, 822: 2
34.1, -118.2, 755: 72
34.1, -118.2, 450: 6
34.1, -118.2, 666: 31
34.1, -118.2, 121: 384
34.1, -118.2, 210: 2431
34.1, -118.2, 920: 41
34.1, -118.2, 351: 32
34.1, -118.2, 443: 4
34.1, -118.2, 951: 57
34.1, -118.2, 251: 192
34.1, -118.2, 231: 86
34.1, -118.2, 850: 171
34.1, -118.2, 910: 107
34.1, -118.2, 653: 16
34.1, -118.2, 451: 1
34.1, -118.2, 331: 1257
34.1, -118.2, 813: 357
34.1, -118.2, 472: 1
34.1, -118.2, 651: 11
34.1, -118.2, 943: 85
34.1, -118.2, 932: 40
34.1, -118.2, 310: 4849
34.1, -118.2, 444: 5
34.1, -118.2, 662: 279
34.1, -118.2, 763: 77
34.1, -118.2, 922: 37
34.1, -118.2, 442: 1319
34.1, -118.2, 354: 5141
34.1, -118.2, 762: 60
34.1, -118.2, 661: 31
34.1, -118.2, 452: 1
34.1, -118.2, 434: 27
34.1, -118.2, 649: 931
34.1, -118.2, 886: 144
34.1, -118.2, 648: 166
34.1, -118.2, 480: 597
34.1, -118.2, 745: 4431
34.1, -118.2, 341: 2324
34.1, -118.2, 902: 98
34.1, -118.2, 930: 2843
34.1, -118.2, 944: 3
34.1, -118.2, 888: 701
34.1, -118.2, 347: 1
34.1, -118.2, 668: 132
34.1, -118.2, 753: 236
34.1, -118.2, 410: 122
34.1, -118.2, 487: 6
34.1, -118.2, 664: 143
34.1, -118.2, 230: 4025
34.1, -118.2, 475: 1
34.1, -118.2, 946: 824
34.1, -118.2, 473: 2
34.1, -118.2, 474: 11
34.1, -118.2, 470: 1
34.1, -118.2, 670: 12
34.1, -118.2, 942: 2
34.1, -118.2, 647: 64
34.1, -118.2, 900: 1207
34.1, -118.2, 520: 229
34.1, -118.2, 760: 11
34.1, -118.2, 652: 2
34.1, -118.2, 624: 8012
34.1, -118.2, 860: 499
34.1, -118.2, 485: 1
34.1, -118.2, 884: 3
34.1, -118.2, 625: 164
34.1, -118.2, 660: 24
34.1, -118.2, 236: 472
34.1, -118.2, 812: 431
34.1, -118.2, 122: 37
34.1, -118.2, 433: 39
34.1, -118.2, 949: 16
34.1, -118.2, 933: 24
34.1, -118.2, 623: 258
34.1, -118.2, 950: 1
34.1, -118.2, 441: 51
34.1, -118.2, 110: 134
34.1, -118.2, 810: 204
34.1, -118.2, 865: 2
34.1, -118.2, 420: 3815
34.1, -118.2, 903: 133
34.1, -118.2, 330: 5180
34.1, -118.2, 756: 5
34.1, -118.2, 627: 417
34.1, -118.2, 510: 8693
34.1, -118.2, 421: 39
34.1, -118.2, 840: 2
34.1, -118.2, 626: 4844
34.1, -118.2, 740: 5100
34.1, -118.2, 806: 8
34.1, -118.2, 235: 69
34.1, -118.2, 352: 27
34.1, -118.2, 805: 5
34.1, -118.2, 921: 2
34.1, -118.2, 761: 432
34.1, -118.2, 432: 1
34.1, -118.2, 901: 901
34.1, -118.1, 930: 2
34.1, -118.1, 350: 1
34.1, -118.1, 330: 1
34.1, -118.1, 763: 1
34.1, -118.1, 510: 3
34.1, -118.0, 341: 1
34.1, -118.0, 352: 1
34.1, -118.0, 440: 1
34.1, -118.0, 230: 1
34.1, -118.0, 745: 3
34.1, -118.0, 210: 1
34.1, -118.0, 740: 1
34.1, -118.0, 624: 2
34.1, -117.9, 440: 2
34.1, -117.9, 210: 1
34.1, -117.9, 236: 1
34.1, -117.9, 330: 1
34.1, -117.9, 740: 2
34.1, -117.8, 930: 1
34.1, -117.8, 740: 1
34.1, -117.8, 510: 1
34.1, -117.8, 623: 1
34.1, -117.8, 745: 1
34.1, -117.8, 624: 2
34.1, -117.8, 230: 1
34.1, -117.7, 330: 1
34.1, -117.7, 354: 1
34.1, -117.7, 860: 1
34.1, -117.7, 210: 1
34.1, -117.7, 624: 2
34.1, -117.7, 410: 1
34.1, -117.7, 230: 1
34.1, -117.7, 510: 1
34.1, -117.7, 745: 1
34.2, -118.8, 626: 1
34.2, -118.8, 121: 2
34.2, -118.8, 230: 1
34.2, -118.8, 810: 1
34.2, -118.8, 860: 1
34.2, -118.7, 666: 1
34.2, -118.7, 487: 1
34.2, -118.7, 812: 6
34.2, -118.7, 740: 89
34.2, -118.7, 649: 25
34.2, -118.7, 860: 2
34.2, -118.7, 341: 87
34.2, -118.7, 745: 55
34.2, -118.7, 220: 2
34.2, -118.7, 901: 10
34.2, -118.7, 310: 267
34.2, -118.7, 410: 2
34.2, -118.7, 121: 3
34.2, -118.7, 331: 24
34.2, -118.7, 520: 1
34.2, -118.7, 910: 1
34.2, -118.7, 421: 3
34.2, -118.7, 813: 3
34.2, -118.7, 820: 2
34.2, -118.7, 210: 8
34.2, -118.7, 647: 2
34.2, -118.7, 900: 8
34.2, -118.7, 653: 5
34.2, -118.7, 440: 97
34.2, -118.7, 626: 49
34.2, -118.7, 946: 10
34.2, -118.7, 661: 3
34.2, -118.7, 886: 6
34.2, -118.7, 624: 78
34.2, -118.7, 763: 1
34.2, -118.7, 928: 6
34.2, -118.7, 956: 56
34.2, -118.7, 354: 253
34.2, -118.7, 664: 4
34.2, -118.7, 627: 5
34.2, -118.7, 888: 18
34.2, -118.7, 943: 1
34.2, -118.7, 510: 45
34.2, -118.7, 442: 1
34.2, -118.7, 230: 23
34.2, -118.7, 920: 1
34.2, -118.7, 940: 1
34.2, -118.7, 236: 7
34.2, -118.7, 441: 2
34.2, -118.7, 762: 1
34.2, -118.7, 437: 1
34.2, -118.7, 320: 22
34.2, -118.7, 815: 1
34.2, -118.7, 420: 87
34.2, -118.7, 330: 95
34.2, -118.7, 930: 39
34.2, -118.7, 761: 5
34.2, -118.7, 235: 1
34.2, -118.7, 662: 16
34.2, -118.7, 932: 1
34.2, -118.7, 110: 1
34.2, -118.6, 882: 1
34.2, -118.6, 954: 28
34.2, -118.6, 623: 104
34.2, -118.6, 451: 3
34.2, -118.6, 806: 8
34.2, -118.6, 251: 36
34.2, -118.6, 421: 73
34.2, -118.6, 660: 83
34.2, -118.6, 902: 90
34.2, -118.6, 474: 10
34.2, -118.6, 353: 1
34.2, -118.6, 625: 80
34.2, -118.6, 956: 1494
34.2, -118.6, 944: 4
34.2, -118.6, 230: 2342
34.2, -118.6, 480: 142
34.2, -118.6, 354: 7593
34.2, -118.6, 110: 39
34.2, -118.6, 662: 534
34.2, -118.6, 903: 87
34.2, -118.6, 122: 45
34.2, -118.6, 815: 80
34.2, -118.6, 485: 1
34.2, -118.6, 440: 7471
34.2, -118.6, 880: 1
34.2, -118.6, 350: 250
34.2, -118.6, 434: 43
34.2, -118.6, 439: 27
34.2, -118.6, 820: 55
34.2, -118.6, 940: 109
34.2, -118.6, 210: 1976
34.2, -118.6, 668: 240
34.2, -118.6, 926: 1
34.2, -118.6, 821: 47
34.2, -118.6, 943: 72
34.2, -118.6, 860: 364
34.2, -118.6, 664: 275
34.2, -118.6, 755: 61
34.2, -118.6, 942: 1
34.2, -118.6, 920: 19
34.2, -118.6, 487: 25
34.2, -118.6, 452: 2
34.2, -118.6, 473: 3
34.2, -118.6, 351: 29
34.2, -118.6, 661: 77
34.2, -118.6, 810: 121
34.2, -118.6, 666: 46
34.2, -118.6, 762: 63
34.2, -118.6, 928: 278
34.2, -118.6, 951: 133
34.2, -118.6, 653: 164
34.2, -118.6, 420: 3677
34.2, -118.6, 949: 32
34.2, -118.6, 231: 42
34.2, -118.6, 822: 3
34.2, -118.6, 756: 5
34.2, -118.6, 627: 319
34.2, -118.6, 670: 47
34.2, -118.6, 345: 36
34.2, -118.6, 320: 699
34.2, -118.6, 237: 240
34.2, -118.6, 933: 53
34.2, -118.6, 850: 121
34.2, -118.6, 624: 6496
34.2, -118.6, 410: 112
34.2, -118.6, 438: 13
34.2, -118.6, 442: 7380
34.2, -118.6, 813: 221
34.2, -118.6, 763: 123
34.2, -118.6, 349: 3
34.2, -118.6, 121: 362
34.2, -118.6, 331: 1185
34.2, -118.6, 220: 324
34.2, -118.6, 886: 337
34.2, -118.6, 341: 3781
34.2, -118.6, 649: 1457
34.2, -118.6, 950: 2
34.2, -118.6, 330: 6749
34.2, -118.6, 622: 26
34.2, -118.6, 901: 1112
34.2, -118.6, 433: 9
34.2, -118.6, 888: 1136
34.2, -118.6, 812: 265
34.2, -118.6, 651: 5
34.2, -118.6, 654: 9
34.2, -118.6, 648: 95
34.2, -118.6, 870: 1
34.2, -118.6, 740: 4823
34.2, -118.6, 840: 1
34.2, -118.6, 745: 3225
34.2, -118.6, 236: 487
34.2, -118.6, 910: 52
34.2, -118.6, 900: 966
34.2, -118.6, 343: 842
34.2, -118.6, 471: 4
34.2, -118.6, 347: 1
34.2, -118.6, 805: 17
34.2, -118.6, 441: 83
34.2, -118.6, 435: 1
34.2, -118.6, 932: 61
34.2, -118.6, 510: 4952
34.2, -118.6, 924: 1
34.2, -118.6, 890: 4
34.2, -118.6, 443: 27
34.2, -118.6, 626: 4663
34.2, -118.6, 310: 8349
34.2, -118.6, 946: 761
34.2, -118.6, 235: 47
34.2, -118.6, 814: 10
34.2, -118.6, 930: 2132
34.2, -118.6, 753: 72
34.2, -118.6, 647: 61
34.2, -118.6, 446: 5
34.2, -118.6, 352: 10
34.2, -118.6, 922: 54
34.2, -118.6, 475: 1
34.2, -118.6, 444: 17
34.2, -118.6, 437: 123
34.2, -118.6, 761: 386
34.2, -118.6, 520: 147
34.2, -118.6, 652: 1
34.2, -118.6, 450: 12
34.2, -118.6, 760: 1
34.2, -118.6, 250: 3
34.2, -118.5, 928: 356
34.2, -118.5, 931: 2
34.2, -118.5, 649: 2055
34.2, -118.5, 910: 150
34.2, -118.5, 442: 3525
34.2, -118.5, 653: 85
34.2, -118.5, 622: 18
34.2, -118.5, 652: 3
34.2, -118.5, 954: 18
34.2, -118.5, 822: 29
34.2, -118.5, 814: 4
34.2, -118.5, 763: 102
34.2, -118.5, 821: 74
34.2, -118.5, 421: 77
34.2, -118.5, 450: 12
34.2, -118.5, 121: 591
34.2, -118.5, 235: 104
34.2, -118.5, 902: 236
34.2, -118.5, 436: 1
34.2, -118.5, 444: 3
34.2, -118.5, 810: 382
34.2, -118.5, 760: 8
34.2, -118.5, 666: 43
34.2, -118.5, 627: 709
34.2, -118.5, 922: 91
34.2, -118.5, 901: 1410
34.2, -118.5, 943: 93
34.2, -118.5, 341: 4389
34.2, -118.5, 220: 502
34.2, -118.5, 113: 1
34.2, -118.5, 251: 101
34.2, -118.5, 443: 8
34.2, -118.5, 933: 104
34.2, -118.5, 948: 3
34.2, -118.5, 761: 730
34.2, -118.5, 475: 4
34.2, -118.5, 331: 1859
34.2, -118.5, 445: 1
34.2, -118.5, 451: 7
34.2, -118.5, 661: 111
34.2, -118.5, 487: 31
34.2, -118.5, 354: 10931
34.2, -118.5, 940: 141
34.2, -118.5, 320: 941
34.2, -118.5, 110: 113
34.2, -118.5, 250: 6
34.2, -118.5, 805: 67
34.2, -118.5, 949: 43
34.2, -118.5, 670: 46
34.2, -118.5, 740: 7595
34.2, -118.5, 924: 1
34.2, -118.5, 439: 41
34.2, -118.5, 349: 3
34.2, -118.5, 471: 10
34.2, -118.5, 662: 520
34.2, -118.5, 880: 6
34.2, -118.5, 437: 235
34.2, -118.5, 410: 162
34.2, -118.5, 745: 5416
34.2, -118.5, 668: 345
34.2, -118.5, 950: 8
34.2, -118.5, 623: 194
34.2, -118.5, 888: 1560
34.2, -118.5, 870: 12
34.2, -118.5, 434: 58
34.2, -118.5, 347: 4
34.2, -118.5, 441: 76
34.2, -118.5, 812: 629
34.2, -118.5, 352: 21
34.2, -118.5, 474: 15
34.2, -118.5, 353: 2
34.2, -118.5, 753: 161
34.2, -118.5, 815: 132
34.2, -118.5, 230: 4187
34.2, -118.5, 330: 10566
34.2, -118.5, 647: 104
34.2, -118.5, 236: 809
34.2, -118.5, 865: 1
34.2, -118.5, 433: 10
34.2, -118.5, 951: 186
34.2, -118.5, 237: 495
34.2, -118.5, 473: 3
34.2, -118.5, 210: 3329
34.2, -118.5, 930: 3461
34.2, -118.5, 510: 9116
34.2, -118.5, 884: 1
34.2, -118.5, 921: 8
34.2, -118.5, 886: 425
34.2, -118.5, 231: 105
34.2, -118.5, 860: 729
34.2, -118.5, 762: 92
34.2, -118.5, 813: 418
34.2, -118.5, 820: 104
34.2, -118.5, 122: 81
34.2, -118.5, 956: 1859
34.2, -118.5, 350: 423
34.2, -118.5, 664: 261
34.2, -118.5, 345: 7
34.2, -118.5, 900: 1696
34.2, -118.5, 944: 4
34.2, -118.5, 648: 180
34.2, -118.5, 755: 47
34.2, -118.5, 625: 107
34.2, -118.5, 351: 42
34.2, -118.5, 420: 5758
34.2, -118.5, 942: 1
34.2, -118.5, 520: 233
34.2, -118.5, 903: 276
34.2, -118.5, 446: 3
34.2, -118.5, 438: 17
34.2, -118.5, 806: 50
34.2, -118.5, 624: 10594
34.2, -118.5, 850: 243
34.2, -118.5, 343: 207
34.2, -118.5, 626: 8251
34.2, -118.5, 890: 22
34.2, -118.5, 946: 1195
34.2, -118.5, 660: 63
34.2, -118.5, 440: 8868
34.2, -118.5, 310: 10656
34.2, -118.5, 654: 6
34.2, -118.5, 480: 400
34.2, -118.5, 756: 9
34.2, -118.5, 651: 15
34.2, -118.5, 920: 49
34.2, -118.5, 932: 92
34.2, -118.4, 755: 44
34.2, -118.4, 475: 3
34.2, -118.4, 649: 2101
34.2, -118.4, 433: 18
34.2, -118.4, 347: 3
34.2, -118.4, 487: 39
34.2, -118.4, 440: 10834
34.2, -118.4, 438: 9
34.2, -118.4, 122: 62
34.2, -118.4, 763: 115
34.2, -118.4, 651: 16
34.2, -118.4, 946: 1304
34.2, -118.4, 654: 15
34.2, -118.4, 903: 730
34.2, -118.4, 110: 124
34.2, -118.4, 520: 264
34.2, -118.4, 653: 107
34.2, -118.4, 352: 29
34.2, -118.4, 661: 72
34.2, -118.4, 930: 3847
34.2, -118.4, 810: 339
34.2, -118.4, 473: 7
34.2, -118.4, 351: 85
34.2, -118.4, 437: 209
34.2, -118.4, 761: 810
34.2, -118.4, 450: 18
34.2, -118.4, 901: 1179
34.2, -118.4, 442: 5384
34.2, -118.4, 434: 54
34.2, -118.4, 443: 21
34.2, -118.4, 924: 7
34.2, -118.4, 341: 5079
34.2, -118.4, 814: 10
34.2, -118.4, 860: 788
34.2, -118.4, 954: 17
34.2, -118.4, 928: 321
34.2, -118.4, 349: 1
34.2, -118.4, 652: 3
34.2, -118.4, 441: 157
34.2, -118.4, 902: 56
34.2, -118.4, 662: 416
34.2, -118.4, 890: 17
34.2, -118.4, 956: 1854
34.2, -118.4, 886: 290
34.2, -118.4, 623: 240
34.2, -118.4, 932: 123
34.2, -118.4, 931: 2
34.2, -118.4, 121: 575
34.2, -118.4, 670: 48
34.2, -118.4, 950: 19
34.2, -118.4, 471: 5
34.2, -118.4, 626: 8350
34.2, -118.4, 900: 1311
34.2, -118.4, 210: 3784
34.2, -118.4, 753: 256
34.2, -118.4, 822: 8
34.2, -118.4, 439: 43
34.2, -118.4, 445: 1
34.2, -118.4, 647: 138
34.2, -118.4, 220: 589
34.2, -118.4, 622: 15
34.2, -118.4, 922: 72
34.2, -118.4, 812: 596
34.2, -118.4, 920: 76
34.2, -118.4, 664: 253
34.2, -118.4, 474: 37
34.2, -118.4, 480: 582
34.2, -118.4, 921: 1
34.2, -118.4, 231: 107
34.2, -118.4, 880: 2
34.2, -118.4, 951: 166
34.2, -118.4, 251: 105
34.2, -118.4, 884: 1
34.2, -118.4, 805: 49
34.2, -118.4, 821: 87
34.2, -118.4, 331: 2808
34.2, -118.4, 236: 675
34.2, -118.4, 345: 6
34.2, -118.4, 668: 428
34.2, -118.4, 320: 757
34.2, -118.4, 237: 497
34.2, -118.4, 235: 94
34.2, -118.4, 813: 475
34.2, -118.4, 740: 8640
34.2, -118.4, 888: 1455
34.2, -118.4, 865: 6
34.2, -118.4, 470: 1
34.2, -118.4, 250: 8
34.2, -118.4, 756: 10
34.2, -118.4, 910: 168
34.2, -118.4, 230: 4747
34.2, -118.4, 745: 6712
34.2, -118.4, 350: 528
34.2, -118.4, 354: 12676
34.2, -118.4, 485: 1
34.2, -118.4, 933: 49
34.2, -118.4, 944: 2
34.2, -118.4, 940: 162
34.2, -118.4, 806: 28
34.2, -118.4, 343: 310
34.2, -118.4, 840: 1
34.2, -118.4, 330: 13467
34.2, -118.4, 624: 11621
34.2, -118.4, 625: 201
34.2, -118.4, 627: 687
34.2, -118.4, 870: 8
34.2, -118.4, 410: 196
34.2, -118.4, 435: 2
34.2, -118.4, 421: 100
34.2, -118.4, 310: 9873
34.2, -118.4, 420: 7523
34.2, -118.4, 446: 1
34.2, -118.4, 666: 36
34.2, -118.4, 850: 357
34.2, -118.4, 436: 1
34.2, -118.4, 648: 236
34.2, -118.4, 820: 82
34.2, -118.4, 815: 132
34.2, -118.4, 451: 3
34.2, -118.4, 353: 3
34.2, -118.4, 444: 3
34.2, -118.4, 762: 112
34.2, -118.4, 510: 12483
34.2, -118.4, 830: 1
34.2, -118.4, 943: 126
34.2, -118.4, 660: 67
34.2, -118.4, 949: 64
34.2, -118.4, 760: 30
34.2, -118.3, 421: 3
34.2, -118.3, 850: 9
34.2, -118.3, 623: 4
34.2, -118.3, 440: 195
34.2, -118.3, 761: 11
34.2, -118.3, 354: 341
34.2, -118.3, 755: 2
34.2, -118.3, 903: 12
34.2, -118.3, 662: 22
34.2, -118.3, 410: 8
34.2, -118.3, 351: 1
34.2, -118.3, 920: 1
34.2, -118.3, 763: 7
34.2, -118.3, 900: 18
34.2, -118.3, 434: 3
34.2, -118.3, 888: 31
34.2, -118.3, 330: 595
34.2, -118.3, 812: 5
34.2, -118.3, 946: 21
34.2, -118.3, 813: 15
34.2, -118.3, 487: 1
34.2, -118.3, 341: 172
34.2, -118.3, 745: 187
34.2, -118.3, 666: 1
34.2, -118.3, 928: 3
34.2, -118.3, 943: 6
34.2, -118.3, 420: 259
34.2, -118.3, 668: 10
34.2, -118.3, 664: 12
34.2, -118.3, 762: 4
34.2, -118.3, 649: 38
34.2, -118.3, 237: 10
34.2, -118.3, 932: 1
34.2, -118.3, 626: 139
34.2, -118.3, 815: 3
34.2, -118.3, 956: 40
34.2, -118.3, 236: 17
34.2, -118.3, 901: 39
34.2, -118.3, 760: 1
34.2, -118.3, 343: 2
34.2, -118.3, 110: 4
34.2, -118.3, 740: 273
34.2, -118.3, 647: 20
34.2, -118.3, 622: 1
34.2, -118.3, 624: 215
34.2, -118.3, 951: 6
34.2, -118.3, 520: 3
34.2, -118.3, 949: 6
34.2, -118.3, 350: 4
34.2, -118.3, 753: 8
34.2, -118.3, 331: 105
34.2, -118.3, 860: 16
34.2, -118.3, 310: 403
34.2, -118.3, 810: 6
34.2, -118.3, 661: 4
34.2, -118.3, 251: 2
34.2, -118.3, 235: 1
34.2, -118.3, 510: 283
34.2, -118.3, 230: 107
34.2, -118.3, 930: 98
34.2, -118.3, 210: 48
34.2, -118.3, 648: 5
34.2, -118.3, 886: 11
34.2, -118.3, 437: 11
34.2, -118.3, 433: 2
34.2, -118.3, 480: 7
34.2, -118.3, 441: 1
34.2, -118.3, 954: 1
34.2, -118.3, 320: 37
34.2, -118.3, 220: 9
34.2, -118.3, 627: 12
34.2, -118.3, 625: 4
34.2, -118.3, 660: 3
34.2, -118.3, 933: 1
34.2, -118.3, 865: 6
34.2, -118.3, 231: 4
34.2, -118.3, 442: 50
34.2, -118.3, 121: 16
34.2, -118.3, 940: 2
34.2, -118.3, 653: 2
34.2, -118.3, 902: 1
34.2, -118.2, 740: 3
34.2, -118.2, 230: 1
34.2, -118.2, 626: 2
34.2, -118.1, 901: 1
34.2, -118.1, 330: 1
34.2, -118.0, 813: 1
34.3, -118.6, 815: 12
34.3, -118.6, 354: 1283
34.3, -118.6, 666: 5
34.3, -118.6, 745: 539
34.3, -118.6, 480: 40
34.3, -118.6, 210: 208
34.3, -118.6, 251: 1
34.3, -118.6, 940: 11
34.3, -118.6, 806: 1
34.3, -118.6, 474: 2
34.3, -118.6, 812: 30
34.3, -118.6, 444: 2
34.3, -118.6, 648: 21
34.3, -118.6, 813: 30
34.3, -118.6, 888: 179
34.3, -118.6, 122: 3
34.3, -118.6, 438: 1
34.3, -118.6, 437: 12
34.3, -118.6, 441: 10
34.3, -118.6, 660: 4
34.3, -118.6, 946: 105
34.3, -118.6, 928: 50
34.3, -118.6, 350: 35
34.3, -118.6, 421: 7
34.3, -118.6, 410: 18
34.3, -118.6, 910: 7
34.3, -118.6, 351: 5
34.3, -118.6, 932: 7
34.3, -118.6, 954: 9
34.3, -118.6, 922: 1
34.3, -118.6, 649: 192
34.3, -118.6, 121: 36
34.3, -118.6, 343: 108
34.3, -118.6, 949: 3
34.3, -118.6, 930: 263
34.3, -118.6, 435: 1
34.3, -118.6, 236: 81
34.3, -118.6, 110: 8
34.3, -118.6, 820: 7
34.3, -118.6, 756: 1
34.3, -118.6, 652: 1
34.3, -118.6, 761: 50
34.3, -118.6, 450: 1
34.3, -118.6, 755: 3
34.3, -118.6, 850: 16
34.3, -118.6, 320: 136
34.3, -118.6, 903: 26
34.3, -118.6, 880: 1
34.3, -118.6, 627: 40
34.3, -118.6, 420: 635
34.3, -118.6, 443: 1
34.3, -118.6, 810: 24
34.3, -118.6, 230: 249
34.3, -118.6, 948: 1
34.3, -118.6, 623: 16
34.3, -118.6, 933: 8
34.3, -118.6, 626: 516
34.3, -118.6, 886: 50
34.3, -118.6, 956: 180
34.3, -118.6, 440: 905
34.3, -118.6, 510: 726
34.3, -118.6, 740: 648
34.3, -118.6, 753: 14
34.3, -118.6, 763: 10
34.3, -118.6, 654: 5
34.3, -118.6, 821: 8
34.3, -118.6, 943: 14
34.3, -118.6, 670: 11
34.3, -118.6, 235: 5
34.3, -118.6, 664: 43
34.3, -118.6, 865: 1
34.3, -118.6, 434: 4
34.3, -118.6, 860: 71
34.3, -118.6, 662: 63
34.3, -118.6, 762: 7
34.3, -118.6, 442: 1057
34.3, -118.6, 237: 26
34.3, -118.6, 653: 16
34.3, -118.6, 661: 18
34.3, -118.6, 625: 9
34.3, -118.6, 220: 33
34.3, -118.6, 647: 11
34.3, -118.6, 231: 5
34.3, -118.6, 345: 2
34.3, -118.6, 352: 3
34.3, -118.6, 330: 1352
34.3, -118.6, 341: 522
34.3, -118.6, 439: 2
34.3, -118.6, 331: 219
34.3, -118.6, 668: 58
34.3, -118.6, 310: 1304
34.3, -118.6, 487: 2
34.3, -118.6, 951: 28
34.3, -118.6, 624: 983
34.3, -118.6, 920: 4
34.3, -118.6, 622: 1
34.3, -118.6, 901: 113
34.3, -118.6, 520: 27
34.3, -118.6, 900: 122
34.3, -118.5, 666: 17
34.3, -118.5, 890: 10
34.3, -118.5, 956: 610
34.3, -118.5, 437: 47
34.3, -118.5, 351: 9
34.3, -118.5, 660: 18
34.3, -118.5, 473: 1
34.3, -118.5, 441: 21
34.3, -118.5, 933: 39
34.3, -118.5, 943: 34
34.3, -118.5, 622: 4
34.3, -118.5, 354: 3846
34.3, -118.5, 343: 63
34.3, -118.5, 900: 578
34.3, -118.5, 438: 6
34.3, -118.5, 661: 33
34.3, -118.5, 627: 194
34.3, -118.5, 901: 434
34.3, -118.5, 949: 13
34.3, -118.5, 812: 166
34.3, -118.5, 951: 77
34.3, -118.5, 231: 35
34.3, -118.5, 653: 19
34.3, -118.5, 813: 161
34.3, -118.5, 932: 22
34.3, -118.5, 668: 57
34.3, -118.5, 475: 1
34.3, -118.5, 745: 1772
34.3, -118.5, 664: 90
34.3, -118.5, 815: 33
34.3, -118.5, 331: 779
34.3, -118.5, 440: 2386
34.3, -118.5, 740: 2207
34.3, -118.5, 442: 968
34.3, -118.5, 950: 1
34.3, -118.5, 850: 60
34.3, -118.5, 230: 993
34.3, -118.5, 753: 79
34.3, -118.5, 474: 3
34.3, -118.5, 870: 1
34.3, -118.5, 865: 4
34.3, -118.5, 762: 20
34.3, -118.5, 756: 8
34.3, -118.5, 652: 2
34.3, -118.5, 814: 1
34.3, -118.5, 670: 9
34.3, -118.5, 350: 76
34.3, -118.5, 903: 56
34.3, -118.5, 520: 64
34.3, -118.5, 320: 441
34.3, -118.5, 810: 79
34.3, -118.5, 510: 3219
34.3, -118.5, 910: 30
34.3, -118.5, 946: 398
34.3, -118.5, 420: 2237
34.3, -118.5, 210: 683
34.3, -118.5, 345: 1
34.3, -118.5, 763: 26
34.3, -118.5, 433: 11
34.3, -118.5, 220: 100
34.3, -118.5, 860: 173
34.3, -118.5, 944: 2
34.3, -118.5, 806: 3
34.3, -118.5, 251: 29
34.3, -118.5, 924: 2
34.3, -118.5, 922: 15
34.3, -118.5, 822: 1
34.3, -118.5, 902: 7
34.3, -118.5, 954: 4
34.3, -118.5, 626: 1890
34.3, -118.5, 888: 423
34.3, -118.5, 662: 198
34.3, -118.5, 755: 16
34.3, -118.5, 330: 4139
34.3, -118.5, 920: 10
34.3, -118.5, 930: 1034
34.3, -118.5, 235: 25
34.3, -118.5, 237: 116
34.3, -118.5, 623: 77
34.3, -118.5, 443: 3
34.3, -118.5, 310: 4469
34.3, -118.5, 487: 25
34.3, -118.5, 421: 40
34.3, -118.5, 821: 18
34.3, -118.5, 647: 37
34.3, -118.5, 648: 74
34.3, -118.5, 410: 78
34.3, -118.5, 236: 235
34.3, -118.5, 761: 156
34.3, -118.5, 110: 20
34.3, -118.5, 820: 22
34.3, -118.5, 444: 1
34.3, -118.5, 921: 1
34.3, -118.5, 451: 1
34.3, -118.5, 341: 1364
34.3, -118.5, 625: 22
34.3, -118.5, 886: 123
34.3, -118.5, 651: 3
34.3, -118.5, 805: 1
34.3, -118.5, 480: 87
34.3, -118.5, 760: 1
34.3, -118.5, 439: 9
34.3, -118.5, 121: 160
34.3, -118.5, 928: 103
34.3, -118.5, 649: 544
34.3, -118.5, 940: 46
34.3, -118.5, 352: 4
34.3, -118.5, 654: 10
34.3, -118.5, 122: 14
34.3, -118.5, 250: 6
34.3, -118.5, 434: 15
34.3, -118.5, 624: 2866
34.3, -118.5, 880: 1
34.3, -118.5, 471: 1
34.3, -118.4, 330: 2885
34.3, -118.4, 815: 34
34.3, -118.4, 410: 64
34.3, -118.4, 755: 19
34.3, -118.4, 420: 1908
34.3, -118.4, 840: 2
34.3, -118.4, 942: 1
34.3, -118.4, 436: 1
34.3, -118.4, 651: 10
34.3, -118.4, 664: 77
34.3, -118.4, 343: 10
34.3, -118.4, 649: 434
34.3, -118.4, 928: 49
34.3, -118.4, 662: 142
34.3, -118.4, 442: 618
34.3, -118.4, 626: 2952
34.3, -118.4, 351: 12
34.3, -118.4, 110: 93
34.3, -118.4, 320: 201
34.3, -118.4, 438: 7
34.3, -118.4, 810: 187
34.3, -118.4, 450: 1
34.3, -118.4, 510: 3967
34.3, -118.4, 648: 87
34.3, -118.4, 820: 37
34.3, -118.4, 341: 1088
34.3, -118.4, 440: 1881
34.3, -118.4, 122: 30
34.3, -118.4, 740: 2526
34.3, -118.4, 830: 1
34.3, -118.4, 753: 144
34.3, -118.4, 902: 20
34.3, -118.4, 932: 14
34.3, -118.4, 443: 4
34.3, -118.4, 821: 29
34.3, -118.4, 210: 1088
34.3, -118.4, 660: 13
34.3, -118.4, 235: 29
34.3, -118.4, 943: 42
34.3, -118.4, 814: 4
34.3, -118.4, 487: 7
34.3, -118.4, 352: 1
34.3, -118.4, 933: 7
34.3, -118.4, 944: 3
34.3, -118.4, 520: 70
34.3, -118.4, 763: 41
34.3, -118.4, 903: 189
34.3, -118.4, 350: 117
34.3, -118.4, 230: 1930
34.3, -118.4, 806: 5
34.3, -118.4, 930: 1381
34.3, -118.4, 250: 5
34.3, -118.4, 627: 380
34.3, -118.4, 439: 13
34.3, -118.4, 647: 44
34.3, -118.4, 237: 262
34.3, -118.4, 310: 2783
34.3, -118.4, 345: 2
34.3, -118.4, 653: 14
34.3, -118.4, 761: 204
34.3, -118.4, 437: 165
34.3, -118.4, 668: 30
34.3, -118.4, 121: 227
34.3, -118.4, 886: 40
34.3, -118.4, 901: 577
34.3, -118.4, 745: 1748
34.3, -118.4, 480: 91
34.3, -118.4, 951: 13
34.3, -118.4, 756: 5
34.3, -118.4, 652: 2
34.3, -118.4, 231: 52
34.3, -118.4, 421: 37
34.3, -118.4, 762: 23
34.3, -118.4, 890: 9
34.3, -118.4, 433: 11
34.3, -118.4, 924: 2
34.3, -118.4, 805: 8
34.3, -118.4, 446: 1
34.3, -118.4, 474: 2
34.3, -118.4, 850: 80
34.3, -118.4, 236: 265
34.3, -118.4, 920: 9
34.3, -118.4, 865: 3
34.3, -118.4, 625: 18
34.3, -118.4, 220: 181
34.3, -118.4, 435: 1
34.3, -118.4, 922: 23
34.3, -118.4, 910: 35
34.3, -118.4, 472: 1
34.3, -118.4, 888: 290
34.3, -118.4, 661: 5
34.3, -118.4, 654: 1
34.3, -118.4, 331: 529
34.3, -118.4, 441: 24
34.3, -118.4, 950: 2
34.3, -118.4, 354: 3173
34.3, -118.4, 670: 3
34.3, -118.4, 946: 335
34.3, -118.4, 954: 8
34.3, -118.4, 760: 5
34.3, -118.4, 812: 287
34.3, -118.4, 623: 90
34.3, -118.4, 940: 35
34.3, -118.4, 813: 221
34.3, -118.4, 900: 437
34.3, -118.4, 822: 1
34.3, -118.4, 624: 3274
34.3, -118.4, 434: 35
34.3, -118.4, 666: 9
34.3, -118.4, 949: 17
34.3, -118.4, 956: 465
34.3, -118.4, 622: 9
34.3, -118.4, 860: 299
34.3, -118.4, 251: 55
34.3, -118.3, 320: 68
34.3, -118.3, 850: 12
34.3, -118.3, 888: 101
34.3, -118.3, 860: 35
34.3, -118.3, 250: 1
34.3, -118.3, 890: 3
34.3, -118.3, 900: 49
34.3, -118.3, 910: 12
34.3, -118.3, 480: 35
34.3, -118.3, 761: 51
34.3, -118.3, 626: 530
34.3, -118.3, 928: 10
34.3, -118.3, 920: 2
34.3, -118.3, 921: 1
34.3, -118.3, 946: 72
34.3, -118.3, 354: 1047
34.3, -118.3, 624: 661
34.3, -118.3, 664: 21
34.3, -118.3, 310: 962
34.3, -118.3, 660: 4
34.3, -118.3, 762: 3
34.3, -118.3, 510: 790
34.3, -118.3, 251: 3
34.3, -118.3, 231: 9
34.3, -118.3, 237: 36
34.3, -118.3, 625: 4
34.3, -118.3, 813: 46
34.3, -118.3, 812: 21
34.3, -118.3, 236: 41
34.3, -118.3, 433: 8
34.3, -118.3, 622: 1
34.3, -118.3, 956: 107
34.3, -118.3, 810: 24
34.3, -118.3, 820: 6
34.3, -118.3, 755: 4
34.3, -118.3, 932: 2
34.3, -118.3, 441: 8
34.3, -118.3, 121: 36
34.3, -118.3, 437: 29
34.3, -118.3, 662: 34
34.3, -118.3, 435: 3
34.3, -118.3, 440: 496
34.3, -118.3, 442: 149
34.3, -118.3, 210: 150
34.3, -118.3, 930: 311
34.3, -118.3, 940: 9
34.3, -118.3, 654: 1
34.3, -118.3, 110: 5
34.3, -118.3, 410: 18
34.3, -118.3, 343: 2
34.3, -118.3, 434: 3
34.3, -118.3, 471: 1
34.3, -118.3, 438: 1
34.3, -118.3, 740: 737
34.3, -118.3, 439: 1
34.3, -118.3, 901: 123
34.3, -118.3, 647: 5
34.3, -118.3, 951: 6
34.3, -118.3, 450: 1
34.3, -118.3, 666: 1
34.3, -118.3, 331: 150
34.3, -118.3, 350: 18
34.3, -118.3, 420: 580
34.3, -118.3, 623: 22
34.3, -118.3, 886: 10
34.3, -118.3, 421: 8
34.3, -118.3, 220: 25
34.3, -118.3, 627: 36
34.3, -118.3, 903: 68
34.3, -118.3, 352: 1
34.3, -118.3, 670: 4
34.3, -118.3, 351: 4
34.3, -118.3, 474: 1
34.3, -118.3, 653: 1
34.3, -118.3, 668: 5
34.3, -118.3, 753: 16
34.3, -118.3, 756: 2
34.3, -118.3, 235: 4
34.3, -118.3, 821: 2
34.3, -118.3, 341: 288
34.3, -118.3, 902: 4
34.3, -118.3, 230: 280
34.3, -118.3, 330: 688
34.3, -118.3, 949: 7
34.3, -118.3, 745: 534
34.3, -118.3, 815: 6
34.3, -118.3, 661: 3
34.3, -118.3, 520: 15
34.3, -118.3, 763: 15
34.3, -118.3, 122: 11
34.3, -118.3, 922: 1
34.3, -118.3, 943: 10
34.3, -118.3, 648: 16
34.3, -118.3, 651: 1
34.3, -118.3, 870: 1
34.3, -118.3, 649: 109
34.4, -118.5, 510: 2
34.4, -118.5, 740: 1
34.4, -118.5, 440: 2
34.4, -118.5, 624: 10
34.4, -118.5, 237: 1
34.4, -118.5, 420: 2
34.4, -118.5, 350: 1
34.4, -118.5, 930: 2
34.4, -118.5, 860: 1
34.4, -118.5, 330: 1
34.4, -118.5, 940: 1
34.4, -118.5, 310: 1
34.4, -118.5, 230: 1
34.4, -118.5, 331: 1
34.4, -118.5, 946: 2
34.4, -118.5, 745: 1
34.4, -118.5, 761: 1
34.4, -118.5, 220: 1
34.4, -118.5, 341: 1
34.5, -118.6, 510: 1
34.5, -118.6, 627: 1
34.5, -118.5, 350: 1
34.5, -118.5, 624: 1
34.5, -118.2, 745: 1
34.5, -118.1, 230: 1
34.5, -118.1, 354: 1
34.5, -118.1, 626: 1
34.5, -118.1, 330: 1
34.5, -118.1, 237: 1
34.5, -118.0, 624: 1
34.5, -118.0, 420: 1
34.5, -117.7, 341: 1
34.6, -118.2, 745: 1
34.6, -118.2, 354: 1
34.6, -118.2, 310: 2
34.6, -118.2, 624: 3
34.6, -118.2, 740: 1
34.6, -118.2, 821: 1
34.6, -118.2, 330: 2
34.6, -118.1, 354: 1
34.6, -118.1, 624: 1
34.6, -118.1, 330: 1
34.6, -118.0, 320: 1
34.6, -117.8, 626: 1
34.7, -118.2, 740: 1
34.7, -118.1, 341: 1
34.7, -118.1, 510: 1
34.7, -118.1, 310: 1
34.7, -118.1, 354: 1
34.7, -118.1, 626: 2
34.8, -118.3, 624: 1
